condition_id,shot_size,replicate,n_total,n_label_exposed_excluded,n_evaluable,not_evaluable_reason,auroc,auroc_ci_low,auroc_ci_high,auprc,auprc_ci_low,auprc_ci_high,brier,brier_ci_low,brier_ci_high,log_loss,log_loss_ci_low,log_loss_ci_high,accuracy,accuracy_ci_low,accuracy_ci_high,sensitivity,sensitivity_ci_low,sensitivity_ci_high,specificity,specificity_ci_low,specificity_ci_high
shot000_rep01,0,1,109,0,109,,0.5,0.5,0.5,0.5045871559633027,0.5045871559633027,0.5045871559633027,0.25,0.25,0.25,0.6931471805599454,0.6931471805599454,0.6931471805599454,0.5045871559633027,0.5045871559633027,0.5045871559633027,1.0,1.0,1.0,0.0,0.0,0.0
shot004_rep01,4,1,109,4,105,,0.2677793904208999,0.1774174528301886,0.3673893323657474,0.3937334080994608,0.3605064889608403,0.4778694069963682,0.4886019238095238,0.4216176852380953,0.5509527426190477,1.6037691996465075,1.3289327526636463,1.8874503370442304,0.3333333333333333,0.2476190476190476,0.4285714285714285,0.4150943396226415,0.2830188679245283,0.5471698113207547,0.25,0.1346153846153846,0.3658653846153841
shot004_rep02,4,2,109,4,105,,0.6944847605224964,0.5883481494920174,0.7919130986937591,0.6992327752716281,0.6052404139996784,0.8137702703951272,0.3381400761904762,0.281966834047619,0.396554223095238,2.366404014717835,1.2973643510141697,3.627706965650237,0.5714285714285714,0.4857142857142857,0.6478571428571427,0.8301886792452831,0.7169811320754716,0.9245283018867924,0.3076923076923077,0.1918269230769231,0.4230769230769231
shot004_rep03,4,3,109,4,105,,0.3129535558780841,0.2149809506531204,0.4123866110304789,0.4055075728169108,0.3701604322388193,0.4786804069981774,0.3779399999999999,0.3401380952380952,0.420811,1.0443785702315984,0.9376684339303236,1.1645729190641767,0.3714285714285714,0.2857142857142857,0.4571428571428571,0.1698113207547169,0.0754716981132075,0.2641509433962264,0.5769230769230769,0.4423076923076923,0.7115384615384616
shot004_rep04,4,4,109,4,105,,0.5061683599419449,0.4014695210449927,0.6172169811320755,0.580616962339828,0.4972158593634714,0.6869225992268322,0.3129248666666666,0.2636687992857142,0.3632433095238094,0.9085258050794336,0.7548642119372824,1.0719289488347652,0.5142857142857142,0.419047619047619,0.6095238095238096,0.5849056603773585,0.4528301886792453,0.7169811320754716,0.4423076923076923,0.3076923076923077,0.5769230769230769
shot004_rep05,4,5,109,4,105,,0.6901306240928883,0.5887064586357039,0.7921308055152394,0.6808199244144657,0.5872445891240842,0.8014274245835857,0.2955322952380952,0.2446400647619047,0.3466021973809523,1.2056119406524128,0.7628472586343852,1.910615601204537,0.580952380952381,0.5142857142857142,0.6476190476190476,0.2641509433962264,0.1509433962264151,0.3962264150943396,0.903846153846154,0.8269230769230769,0.9807692307692308
shot004_rep06,4,6,109,4,105,,0.6757982583454282,0.5689314223512337,0.7743196661828737,0.6698355982732838,0.5671401933577692,0.7889510102726764,0.2450140952380952,0.1941800054761904,0.3021507180952381,1.312137473568166,0.6116437148042263,2.301055339922417,0.6761904761904762,0.5904761904761905,0.7619047619047619,0.5849056603773585,0.4528301886792453,0.7169811320754716,0.7692307692307693,0.6538461538461539,0.8846153846153846
shot004_rep07,4,7,109,4,105,,0.6425979680696662,0.5301070391872279,0.7449292452830188,0.7032998372799436,0.5994974851088519,0.7896560023145986,0.2393247428571428,0.2049559642857143,0.276468963095238,0.6852662838121736,0.5935784637070883,0.7844994026460864,0.6285714285714286,0.5428571428571428,0.7047619047619048,0.4150943396226415,0.2830188679245283,0.5471698113207547,0.8461538461538461,0.75,0.9423076923076924
shot004_rep08,4,8,109,4,105,,0.7429245283018868,0.6443849782293178,0.8261973875181422,0.7756771389716572,0.6918577190920259,0.85686912747552,0.2234361047619047,0.1750672314285714,0.2765642478571428,0.6777138000104095,0.5259375786189081,0.8583884553682604,0.6285714285714286,0.5428571428571428,0.7142857142857143,0.5471698113207547,0.4339622641509434,0.6792452830188679,0.7115384615384616,0.5961538461538461,0.8269230769230769
shot004_rep09,4,9,109,4,105,,0.4760522496371553,0.3624365021770682,0.5903528664731496,0.4884738920093403,0.4274640745184155,0.608260413103334,0.3455784666666666,0.2886666688095238,0.404674923095238,1.0882456199003214,0.8781905672319114,1.3164648683280975,0.5047619047619047,0.4095238095238095,0.6,0.5849056603773585,0.4528301886792453,0.6981132075471698,0.4230769230769231,0.2884615384615384,0.5576923076923077
shot004_rep10,4,10,109,4,105,,0.6806966618287373,0.5649446661828736,0.7819983671988389,0.7204326883507293,0.6226779976235866,0.8141268156035225,0.2817461714285714,0.2252029697619048,0.3425951028571428,1.2413496171947338,0.7562366187118338,2.0445550922053144,0.6285714285714286,0.5428571428571428,0.7047619047619048,0.4150943396226415,0.2641509433962264,0.5471698113207547,0.8461538461538461,0.75,0.9423076923076924
shot004_rep11,4,11,109,4,105,,0.2728592162554427,0.1756168359941944,0.3715529753265602,0.4001745900989636,0.3621484262629358,0.4752897524165511,0.5382190476190477,0.4650192569047618,0.6090879535714285,3.2086592962382627,2.136469529089811,4.51803111584702,0.3333333333333333,0.2476190476190476,0.4285714285714285,0.2641509433962264,0.1509433962264151,0.3773584905660377,0.4038461538461538,0.2692307692307692,0.5384615384615384
shot004_rep12,4,12,109,4,105,,0.7209724238026125,0.6189994557329462,0.8118740928882437,0.7340753890815654,0.6394298688344905,0.8358033483004224,0.2660027523809524,0.2089826823809523,0.3283153842857143,0.8660802358110957,0.6743287896631032,1.080084783965905,0.6476190476190476,0.5619047619047619,0.7333333333333333,0.4339622641509434,0.3018867924528302,0.5849056603773585,0.8653846153846154,0.7692307692307693,0.9423076923076924
shot004_rep13,4,13,109,4,105,,0.715166908563135,0.6135703918722787,0.8116881349782293,0.6952712730948255,0.6044577849792061,0.817055909156357,0.2210827619047619,0.1872730735714285,0.2576171116666667,0.6621173109371254,0.5637796916322251,0.7789523505688215,0.6666666666666666,0.580952380952381,0.7619047619047619,0.6037735849056604,0.4716981132075472,0.7547169811320755,0.7307692307692307,0.6153846153846154,0.8461538461538461
shot004_rep14,4,14,109,4,105,,0.6520319303338171,0.548911465892598,0.7565493468795355,0.6381614171980365,0.5502965526558108,0.7605186535435163,0.254516819047619,0.2077456614285714,0.3009649073809524,0.7885314765700219,0.6341018722460162,0.9815626699268912,0.6095238095238096,0.5238095238095238,0.6952380952380952,0.6981132075471698,0.5849056603773585,0.8113207547169812,0.5192307692307693,0.3846153846153846,0.6538461538461539
shot004_rep15,4,15,109,4,105,,0.7612481857764877,0.6578102322206095,0.8476097605224964,0.7555538653945956,0.6556684763128534,0.8555047936916644,0.2921642857142857,0.2629227683333333,0.3203591664285714,0.8128002562777442,0.7349321966105371,0.889019127035808,0.5428571428571428,0.5045238095238095,0.581190476190476,0.1132075471698113,0.0377358490566037,0.1886792452830188,0.9807692307692308,0.9423076923076924,1.0
shot004_rep16,4,16,109,4,105,,0.7411103047895501,0.6338488751814223,0.8341845065312047,0.734126668941609,0.6315610382363651,0.8446118273909374,0.2656724761904762,0.2179120299999999,0.3175618495238095,0.7965312373001332,0.6551859355194803,0.9698858023716752,0.6190476190476191,0.5428571428571428,0.6952380952380952,0.3584905660377358,0.244811320754717,0.490566037735849,0.8846153846153846,0.7884615384615384,0.9615384615384616
shot004_rep17,4,17,109,4,105,,0.7037373004354136,0.5982855587808419,0.8031658200290276,0.7284419801566278,0.6315688289733464,0.8284913189443368,0.2673061523809523,0.2122433923809523,0.3301459792857142,0.8690705892155468,0.6699197960671408,1.1139300055380992,0.6095238095238096,0.5142857142857142,0.6952380952380952,0.7358490566037735,0.6226415094339622,0.8490566037735849,0.4807692307692308,0.3461538461538461,0.6153846153846154
shot004_rep18,4,18,109,4,105,,0.6130261248185777,0.5010794629898404,0.7157792089985485,0.6094177479128191,0.5242458244287167,0.7267682021841887,0.2941837904761904,0.2384420988095238,0.3535267414285714,1.2175280224720342,0.7565877577765292,1.92438592946395,0.5523809523809524,0.4666666666666667,0.638095238095238,0.4150943396226415,0.2830188679245283,0.5471698113207547,0.6923076923076923,0.5576923076923077,0.8076923076923077
shot004_rep19,4,19,109,4,105,,0.7236937590711175,0.6260749274310595,0.8194892960812773,0.7502198459418912,0.6565637924734891,0.8469175050511565,0.2351375523809523,0.1817486678571428,0.2872415697619047,0.7323193603524104,0.5609993265588046,0.91286923935057,0.6761904761904762,0.5904761904761905,0.7621428571428569,0.7358490566037735,0.6226415094339622,0.8490566037735849,0.6153846153846154,0.5,0.7307692307692307
shot004_rep20,4,20,109,4,105,,0.7264150943396226,0.630619557329463,0.8138697387518142,0.7286394603562525,0.6320116139162952,0.8251575200168977,0.2195983333333333,0.1811935947619047,0.2586833364285714,0.6283277437370645,0.541555353476463,0.7208608015928446,0.638095238095238,0.5521428571428572,0.7238095238095238,0.4716981132075472,0.3396226415094339,0.6042452830188675,0.8076923076923077,0.6923076923076923,0.903846153846154
shot008_rep01,8,1,109,8,101,,0.1758823529411764,0.0992156862745098,0.2617696078431372,0.3554381716543566,0.3357882797739939,0.4195196741816948,0.5257597227722772,0.4706172943069306,0.5790495693069306,1.5653287361558197,1.3778443950501171,1.7478721975224294,0.2871287128712871,0.2178217821782178,0.3663366336633663,0.4901960784313725,0.3529411764705882,0.6274509803921569,0.08,0.02,0.16
shot008_rep02,8,2,109,8,101,,0.5694117647058824,0.4597450980392156,0.6925490196078431,0.5701389322136545,0.4923550208212013,0.6982760252814659,0.2678623762376237,0.2320438861386138,0.3010092574257425,0.7377310783250207,0.6559388713673198,0.8108587808319756,0.5247524752475248,0.4356435643564356,0.6141089108910889,0.3333333333333333,0.196078431372549,0.4705882352941176,0.72,0.6,0.84
shot008_rep03,8,3,109,8,101,,0.6919607843137255,0.5805588235294118,0.7931813725490195,0.7094571033127302,0.6080319977445319,0.8126941181551813,0.2735579207920792,0.2273448267326733,0.3251267326732673,0.802759492634703,0.66038248180013,0.958560830232056,0.5841584158415841,0.495049504950495,0.6636138613861384,0.7647058823529411,0.6274509803921569,0.8627450980392157,0.4,0.26,0.52
shot008_rep04,8,4,109,8,101,,0.7509803921568627,0.6525147058823529,0.8425539215686274,0.7722004654356167,0.6867985903797607,0.8576836276050193,0.2189752475247524,0.1709907920792079,0.2696034405940594,0.6435496374178843,0.5136377622817551,0.7763847682689342,0.6831683168316832,0.6037128712871287,0.7626237623762374,0.5686274509803921,0.4313725490196078,0.7058823529411765,0.8,0.68,0.9
shot008_rep05,8,5,109,8,101,,0.7072549019607843,0.6030980392156863,0.7988480392156863,0.7267690778988283,0.6340687110724982,0.8171731564266487,0.2236930693069307,0.1837061881188118,0.2704742821782178,0.6447866690200026,0.5457803247685191,0.7667506200456553,0.6336633663366337,0.5445544554455446,0.7227722772277227,0.6274509803921569,0.4901960784313725,0.7450980392156863,0.64,0.5,0.78
shot008_rep06,8,6,109,8,101,,0.4180392156862745,0.3174019607843137,0.5349411764705883,0.4770349068420326,0.4141661376226279,0.5845126990730344,0.3384683168316832,0.288483193069307,0.3824719306930693,0.9317609207786928,0.8069312634544129,1.0440617485196808,0.4356435643564356,0.3465346534653465,0.5346534653465347,0.3529411764705882,0.2156862745098039,0.4901960784313725,0.52,0.38,0.66
shot008_rep07,8,7,109,8,101,,0.472156862745098,0.3615392156862745,0.5906176470588235,0.5498756019531281,0.4597703199534926,0.6650235132054424,0.3300485841584157,0.2791460584158415,0.383141128960396,0.9766400580584772,0.8137552452486501,1.1630003595011646,0.4653465346534653,0.3663366336633663,0.5643564356435643,0.4705882352941176,0.3524509803921569,0.6078431372549019,0.46,0.32,0.6
shot008_rep08,8,8,109,8,101,,0.6837254901960784,0.5788039215686275,0.7868823529411765,0.7057553325320167,0.6116792697429538,0.8148573004812507,0.2295617821782178,0.2093127113861386,0.2506171821782179,0.64924720293338,0.6060357439441224,0.6938585671372061,0.5247524752475248,0.4356435643564356,0.6039603960396039,0.7450980392156863,0.6274509803921569,0.8627450980392157,0.3,0.18,0.42
shot008_rep09,8,9,109,8,101,,0.7045098039215686,0.5993578431372548,0.8004264705882352,0.7194686754958085,0.6242677485297758,0.8242170215536866,0.2651558118811881,0.1962852534653465,0.329162577970297,0.8282133634628861,0.6255205754256068,1.0353927439908348,0.6534653465346535,0.5643564356435643,0.7524752475247525,0.5882352941176471,0.4509803921568627,0.7254901960784313,0.72,0.6,0.84
shot008_rep10,8,10,109,8,101,,0.726078431372549,0.6201813725490196,0.8204166666666667,0.7022858727720395,0.6119195495336969,0.8288303537723869,0.2880034455445545,0.2270417235148515,0.3493393690594059,1.267208496394589,0.757586178143032,2.0648248845363435,0.6336633663366337,0.5445544554455446,0.7128712871287128,0.4117647058823529,0.2745098039215686,0.5490196078431373,0.86,0.76,0.94
shot008_rep11,8,11,109,8,101,,0.6007843137254902,0.4928676470588235,0.7039754901960784,0.5914270946619677,0.5071322403070554,0.702581822260498,0.2527524752475247,0.2182728217821782,0.2902629455445544,0.7030500250167668,0.6266481992863825,0.7878361729596689,0.594059405940594,0.495049504950495,0.6831683168316832,0.6666666666666666,0.5294117647058824,0.7843137254901961,0.52,0.38,0.66
shot008_rep12,8,12,109,8,101,,0.7184313725490196,0.6203774509803921,0.8141666666666666,0.7694521476282397,0.6886406459319516,0.8466002919905163,0.2538653465346535,0.2185703465346535,0.2907295792079207,0.7430089063913354,0.640581564520722,0.8524348740289722,0.6633663366336634,0.6037128712871287,0.7326732673267327,0.3529411764705882,0.2352941176470588,0.4901960784313725,0.98,0.94,1.0
shot008_rep13,8,13,109,8,101,,0.7196078431372549,0.615686274509804,0.8180588235294117,0.7616437668006848,0.6704118998686146,0.8448250097834183,0.2211089108910891,0.1799210396039604,0.2631992326732673,0.6440222112072959,0.5380495584065224,0.7534524241998528,0.6237623762376238,0.5247524752475248,0.7227722772277227,0.5686274509803921,0.4313725490196078,0.7058823529411765,0.68,0.54,0.8
shot008_rep14,8,14,109,8,101,,0.7127450980392157,0.604671568627451,0.8111813725490196,0.726433865953833,0.6182993607357181,0.8314005190721141,0.224649504950495,0.1812887871287128,0.269087004950495,0.6458554222267635,0.5423441742870642,0.7519090249506213,0.6435643564356436,0.5445544554455446,0.7326732673267327,0.7058823529411765,0.5877450980392157,0.8235294117647058,0.58,0.44,0.7
shot008_rep15,8,15,109,8,101,,0.4752941176470588,0.3627254901960784,0.5878921568627451,0.5659443791107431,0.4780716332535802,0.6786395293247792,0.3252931089108911,0.2756780306930693,0.3746059472772277,0.9570718918726984,0.8103614708085468,1.1191028987371234,0.495049504950495,0.4059405940594059,0.5841584158415841,0.3529411764705882,0.2348039215686274,0.4901960784313725,0.64,0.5,0.76
shot008_rep16,8,16,109,8,101,,0.7378431372549019,0.6360588235294118,0.8321617647058823,0.7570203841218252,0.6696715432392594,0.8451062704565822,0.2159412277227722,0.1793172665841584,0.2587357982673267,0.6301344264567351,0.5347310714098665,0.7377261092560442,0.6831683168316832,0.594059405940594,0.7722772277227723,0.7647058823529411,0.6274509803921569,0.8823529411764706,0.6,0.4595000000000001,0.74
shot008_rep17,8,17,109,8,101,,0.4286274509803922,0.3238970588235294,0.5421813725490195,0.4804571928147588,0.4186402931303912,0.5820073833024857,0.316369306930693,0.2761058663366337,0.3564000495049506,0.8511105608633609,0.7590274323828542,0.9456450668739252,0.4356435643564356,0.3465346534653465,0.5346534653465347,0.3529411764705882,0.2352941176470588,0.4901960784313725,0.52,0.4,0.66
shot008_rep18,8,18,109,8,101,,0.7358823529411764,0.6301813725490196,0.8252941176470588,0.735949590595213,0.6369429271161033,0.8310006812216266,0.2137960396039603,0.1855636386138613,0.2445307178217822,0.6177940791483465,0.5550978697609293,0.685479320148387,0.6435643564356436,0.5445544554455446,0.7326732673267327,0.5490196078431373,0.4117647058823529,0.6862745098039216,0.74,0.6,0.86
shot008_rep19,8,19,109,8,101,,0.7235294117647059,0.6092107843137256,0.8192352941176471,0.7024431826041992,0.5998537072568326,0.837148480182523,0.221032108910891,0.1727790811881187,0.2782933007425742,0.7076494892448021,0.5371817925333859,0.9042133721351848,0.693069306930693,0.6039603960396039,0.7722772277227723,0.5882352941176471,0.4509803921568627,0.7254901960784313,0.8,0.68,0.9
shot008_rep20,8,20,109,8,101,,0.7307843137254902,0.6264117647058823,0.8225490196078431,0.7541985858226463,0.6656585034315248,0.845048005028923,0.2200772277227722,0.1740826485148514,0.2726863613861385,0.6437241688845297,0.5211517274024546,0.7812137245644154,0.6633663366336634,0.5742574257425742,0.7524752475247525,0.6666666666666666,0.5490196078431373,0.803921568627451,0.66,0.52,0.78
shot010_rep01,10,1,109,10,99,,0.6065306122448979,0.4895867346938775,0.7173469387755103,0.5977812775600764,0.5119887489175093,0.7205194835499162,0.2735232323232323,0.2296088888888888,0.319503207070707,0.7796005804918794,0.6666411517876073,0.9027272347112228,0.5555555555555556,0.4643939393939394,0.6464646464646465,0.68,0.5595000000000001,0.8,0.4285714285714285,0.2857142857142857,0.5714285714285714
shot010_rep02,10,2,109,10,99,,0.5538775510204081,0.4375051020408163,0.6610357142857143,0.5858092852776943,0.4904431638115464,0.7061121459108394,0.2809888888888889,0.2385736363636364,0.3307371212121212,0.809524587279796,0.6885280449375027,0.9706301079202356,0.5454545454545454,0.4444444444444444,0.6363636363636364,0.44,0.3,0.58,0.6530612244897959,0.5102040816326531,0.7760204081632648
shot010_rep03,10,3,109,10,99,,0.6036734693877551,0.4919795918367347,0.7093979591836734,0.5982046124049035,0.5087901120131189,0.7095943012725807,0.2511030303030303,0.2221380555555555,0.2816053535353535,0.7022484551713429,0.6363909387762005,0.7728633747313156,0.5959595959595959,0.494949494949495,0.6868686868686869,0.52,0.38,0.66,0.673469387755102,0.5306122448979592,0.7959183673469388
shot010_rep04,10,4,109,10,99,,0.666530612244898,0.5493571428571429,0.7690102040816327,0.7036372546740284,0.5968682106872671,0.8064471863190804,0.257940404040404,0.1986523078282829,0.3231711032828282,0.8054298579929793,0.6168004004921784,1.0328232665305497,0.6262626262626263,0.5252525252525253,0.7171717171717171,0.5,0.36,0.64,0.7551020408163265,0.6122448979591837,0.8775510204081632
shot010_rep05,10,5,109,10,99,,0.7071428571428572,0.6077448979591836,0.806765306122449,0.7259381738813748,0.6372707107187892,0.8285967597976891,0.2637719696969696,0.2138029482323232,0.3102817108585858,0.7601934989371989,0.6233353106090646,0.8887270773417079,0.5858585858585859,0.5050505050505051,0.6767676767676768,0.78,0.66,0.88,0.3877551020408163,0.2653061224489796,0.5306122448979592
shot010_rep06,10,6,109,10,99,,0.6920408163265306,0.5856734693877551,0.7971887755102041,0.7236602632886058,0.6234698083207384,0.8210745893349615,0.2678940101010101,0.229633053030303,0.3074744098484848,0.7461768824328444,0.6547130667246918,0.8431513982026184,0.5555555555555556,0.4747474747474747,0.6366161616161614,0.82,0.7,0.92,0.2857142857142857,0.1632653061224489,0.4086734693877547
shot010_rep07,10,7,109,10,99,,0.6679591836734694,0.5516173469387755,0.7753571428571427,0.702622515110124,0.6031430114808576,0.8013325333732109,0.270133101010101,0.2055550371212121,0.339158623989899,0.9567692934962218,0.6904184119196412,1.259716512495779,0.6666666666666666,0.5757575757575758,0.7474747474747475,0.54,0.4,0.68,0.7959183673469388,0.673469387755102,0.8979591836734694
shot010_rep08,10,8,109,10,99,,0.7306122448979592,0.6312040816326531,0.8338775510204082,0.717935716371545,0.6278530514632326,0.8400168613565333,0.2407161616161616,0.1893314898989899,0.2878492929292929,0.6888017519130025,0.5595518735490682,0.8067304765294288,0.6464646464646465,0.5555555555555556,0.7373737373737373,0.46,0.32,0.6,0.8367346938775511,0.7346938775510204,0.9387755102040816
shot010_rep09,10,9,109,10,99,,0.5451020408163265,0.4230306122448979,0.6577602040816326,0.5746157958304834,0.4888235174399492,0.681697067005132,0.2603363636363636,0.2337659595959596,0.2894086868686868,0.7158978093199306,0.6592086015791855,0.7784025358016785,0.494949494949495,0.3939393939393939,0.5858585858585859,0.7,0.56,0.82,0.2857142857142857,0.1632653061224489,0.4285714285714285
shot010_rep10,10,10,109,10,99,,0.6004081632653061,0.4885612244897959,0.7159285714285715,0.5769582588759335,0.5013111882382116,0.6933123860453344,0.2816666666666666,0.2396443181818181,0.3235095454545454,0.7867768240126907,0.6822761780164968,0.8933829354639824,0.5656565656565656,0.4747474747474747,0.6464646464646465,0.36,0.24,0.5,0.7755102040816326,0.6530612244897959,0.8775510204081632
shot010_rep11,10,11,109,10,99,,0.67,0.5615969387755102,0.770030612244898,0.6573416555612178,0.5638856858160752,0.7767570142217998,0.2538131313131313,0.2070087373737373,0.303650505050505,0.7269375174264598,0.6074800429622561,0.8596671083676272,0.5959595959595959,0.5050505050505051,0.6868686868686869,0.74,0.62,0.86,0.4489795918367347,0.3061224489795918,0.5918367346938775
shot010_rep12,10,12,109,10,99,,0.7391836734693877,0.6370918367346938,0.8326632653061224,0.7364450123796061,0.6445203878603843,0.8405025800807331,0.2478910808080807,0.1961501676767676,0.2997226257575757,0.8614485694443997,0.6502357824599498,1.1042903231288523,0.6868686868686869,0.6060606060606061,0.7676767676767676,0.86,0.7595000000000001,0.96,0.5102040816326531,0.3673469387755102,0.633163265306122
shot010_rep13,10,13,109,10,99,,0.7234693877551021,0.6163010204081633,0.8208316326530611,0.7411781262226889,0.6426966863735682,0.8361345789705362,0.2214383838383838,0.1746051767676767,0.2719674999999999,0.6560109658139409,0.5298108644616466,0.7950640175810272,0.696969696969697,0.5959595959595959,0.7777777777777778,0.62,0.48,0.74,0.7755102040816326,0.6530612244897959,0.8979591836734694
shot010_rep14,10,14,109,10,99,,0.7010204081632653,0.5987602040816327,0.8000102040816327,0.6902353201379223,0.5971751183786449,0.821704903386338,0.2275828282828282,0.1860051767676768,0.2715589646464646,0.6600299900315336,0.560757275123063,0.7726420061241761,0.6565656565656566,0.5555555555555556,0.7474747474747475,0.74,0.6195,0.86,0.5714285714285714,0.4285714285714285,0.7142857142857143
shot010_rep15,10,15,109,10,99,,0.7183673469387755,0.6201836734693877,0.8118571428571428,0.7062452397457639,0.6058251390015474,0.819717099652951,0.2605454545454545,0.2054104797979798,0.3189065151515151,0.7796322042710226,0.6249520910291975,0.9547388308303808,0.6060606060606061,0.5151515151515151,0.696969696969697,0.42,0.28,0.56,0.7959183673469388,0.6938775510204082,0.8979591836734694
shot010_rep16,10,16,109,10,99,,0.7542857142857143,0.6536632653061224,0.8463316326530612,0.7687378887274591,0.6831868687667673,0.8601168956917812,0.2125353535353535,0.1626332575757575,0.2654215909090908,0.6319748113224222,0.5020290822666529,0.7745868728211613,0.696969696969697,0.6060606060606061,0.7777777777777778,0.6,0.4795,0.72,0.7959183673469388,0.673469387755102,0.8979591836734694
shot010_rep17,10,17,109,10,99,,0.6557142857142857,0.550607142857143,0.7608265306122449,0.6514721238706169,0.558372707999257,0.777930018132078,0.2772176262626263,0.2108852669191919,0.338724996969697,1.4653660664354415,0.724029050883533,2.5471268123135697,0.6262626262626263,0.5353535353535354,0.7171717171717171,0.5,0.3795,0.64,0.7551020408163265,0.6326530612244898,0.8775510204081632
shot010_rep18,10,18,109,10,99,,0.7306122448979592,0.6318367346938776,0.828,0.7312497228133562,0.6363465879408796,0.841301804248624,0.2495506262626262,0.1868375967171717,0.3121067825757575,0.8000112094711398,0.5867563753003516,1.0301199668648384,0.6565656565656566,0.5757575757575758,0.7474747474747475,0.52,0.38,0.66,0.7959183673469388,0.673469387755102,0.8979591836734694
shot010_rep19,10,19,109,10,99,,0.636734693877551,0.5328469387755101,0.744295918367347,0.6903634007337225,0.6037297751991918,0.7861392182488841,0.2882677676767676,0.2379608883838384,0.3354518838383839,1.1954597075733318,0.7379453821565085,1.9568644695196489,0.5757575757575758,0.494949494949495,0.6666666666666666,0.34,0.2,0.48,0.8163265306122449,0.7142857142857143,0.9183673469387756
shot010_rep20,10,20,109,10,99,,0.6783673469387755,0.5714183673469387,0.785923469387755,0.6674201129091171,0.5773352011403438,0.780854571362189,0.251989898989899,0.2212918686868687,0.2835940656565656,0.6994006195846637,0.630627294748524,0.7711040778637126,0.5656565656565656,0.494949494949495,0.6366161616161614,0.26,0.14,0.38,0.8775510204081632,0.7755102040816326,0.9591836734693876
shot020_rep01,20,1,109,20,89,,0.6891414141414142,0.5835416666666666,0.8020328282828282,0.7167782369421256,0.617148795721209,0.8243949592736638,0.2271280898876404,0.2024039606741572,0.250597808988764,0.6486615319120812,0.5923422297692433,0.7005014215363012,0.6292134831460674,0.5280898876404494,0.7303370786516854,0.5333333333333333,0.4,0.6888888888888889,0.7272727272727273,0.5909090909090909,0.8636363636363636
shot020_rep02,20,2,109,20,89,,0.7308080808080808,0.6229545454545454,0.8338383838383838,0.7074823130883194,0.6076768339408549,0.8277843391696554,0.2153393258426966,0.1667836516853932,0.2633813764044943,0.6357559571928901,0.5114277209854757,0.7650262444891719,0.6853932584269663,0.5842696629213483,0.7865168539325843,0.6666666666666666,0.5333333333333333,0.8,0.7045454545454546,0.5681818181818182,0.8409090909090909
shot020_rep03,20,3,109,20,89,,0.7373737373737373,0.6277272727272727,0.8353914141414142,0.7239231449466123,0.6140773111636179,0.8431283223413516,0.2147702471910112,0.1688478306179775,0.2688969691011236,0.6703377097233625,0.5246974185594664,0.8463475957676729,0.6966292134831461,0.5955056179775281,0.7865168539325843,0.6444444444444445,0.4888888888888889,0.7777777777777778,0.75,0.6357954545454546,0.8636363636363636
shot020_rep04,20,4,109,20,89,,0.7126262626262626,0.5989709595959596,0.8171843434343434,0.7068671154959598,0.6076312353274086,0.8208690799330605,0.2206011235955056,0.1805166573033707,0.2658911235955056,0.6331268181916869,0.5386927325342511,0.7358526899508393,0.651685393258427,0.550561797752809,0.7528089887640449,0.6,0.4666666666666667,0.7333333333333333,0.7045454545454546,0.5681818181818182,0.8409090909090909
shot020_rep05,20,5,109,20,89,,0.6861111111111111,0.5618497474747475,0.7911616161616162,0.6984324033154954,0.5865415651031952,0.8131530805941904,0.2268932584269662,0.192568511235955,0.2686526404494381,0.6479800126448467,0.5711542466148867,0.7432321103281745,0.6179775280898876,0.5168539325842697,0.7078651685393258,0.5333333333333333,0.3777777777777777,0.6666666666666666,0.7045454545454546,0.5681818181818182,0.8181818181818182
shot020_rep06,20,6,109,20,89,,0.7191919191919192,0.617645202020202,0.8161868686868687,0.7073384777665108,0.6122051670394526,0.8183403029869722,0.2895682584269662,0.2269070646067415,0.3525941643258427,0.8848045121394761,0.6968611433242836,1.082680722921754,0.6067415730337079,0.5280898876404494,0.6966292134831461,0.4,0.2666666666666666,0.5555555555555556,0.8181818181818182,0.7045454545454546,0.9090909090909092
shot020_rep07,20,7,109,20,89,,0.7436868686868687,0.6328156565656566,0.843459595959596,0.7891520970094069,0.6979737734817405,0.8710622072547133,0.2123955505617977,0.1700064865168539,0.2574972460674157,0.6134071542661425,0.5078425584026972,0.7227093472804604,0.6741573033707865,0.5730337078651685,0.7752808988764045,0.7111111111111111,0.5777777777777777,0.8444444444444444,0.6363636363636364,0.4772727272727273,0.7727272727272727
shot020_rep08,20,8,109,20,89,,0.7527777777777778,0.6512626262626262,0.8490214646464646,0.7434783745437057,0.6377345777100811,0.8530436697462931,0.2248011235955055,0.1784134831460674,0.2768951123595505,0.708480570271679,0.5535359118266675,0.8883006243316265,0.6741573033707865,0.5842696629213483,0.7640449438202247,0.8,0.6666666666666666,0.9111111111111112,0.5454545454545454,0.4090909090909091,0.6818181818181818
shot020_rep09,20,9,109,20,89,,0.6603535353535354,0.5376262626262627,0.7775441919191919,0.6837551498364297,0.5859942643062632,0.8163064548591678,0.2288606741573033,0.1992061235955056,0.2578113202247191,0.6514710844427299,0.5877962680486329,0.7141201989512175,0.6179775280898876,0.5280898876404494,0.7191011235955056,0.5111111111111111,0.3772222222222222,0.6666666666666666,0.7272727272727273,0.5909090909090909,0.8636363636363636
shot020_rep10,20,10,109,20,89,,0.7540404040404041,0.6469570707070708,0.8480050505050505,0.7862903335753054,0.6902049404055963,0.8731452705863266,0.2001908651685393,0.1618514221910112,0.2444225997191011,0.5853663353119289,0.4942042711377394,0.6876745241921087,0.7078651685393258,0.6179775280898876,0.797752808988764,0.6666666666666666,0.5333333333333333,0.8,0.75,0.6136363636363636,0.8636363636363636
shot020_rep11,20,11,109,20,89,,0.7257575757575757,0.6063131313131314,0.8290719696969696,0.7208255467005711,0.6153578069218788,0.8334204519306071,0.2131561797752809,0.1863369662921348,0.2428458707865168,0.6161694272998558,0.5584280709546544,0.6786341196899467,0.6741573033707865,0.5730337078651685,0.7640449438202247,0.6888888888888889,0.5555555555555556,0.8222222222222222,0.6590909090909091,0.5,0.7954545454545454
shot020_rep12,20,12,109,20,89,,0.7340909090909091,0.6348421717171717,0.8389078282828283,0.7273382689434,0.6301660790452408,0.836464480729462,0.2111302584269662,0.1809876087078651,0.2386828912921348,0.6106148910014604,0.5450682406098336,0.6710117328298947,0.6966292134831461,0.6067415730337079,0.797752808988764,0.6888888888888889,0.5555555555555556,0.8222222222222222,0.7045454545454546,0.5681818181818182,0.8409090909090909
shot020_rep13,20,13,109,20,89,,0.6338383838383839,0.5196969696969697,0.7563257575757575,0.7012423596512914,0.6113479967079788,0.7986688079176679,0.2640393258426966,0.2076297191011236,0.3156044101123595,0.7475469490853109,0.6019142841541709,0.8874454611255198,0.550561797752809,0.449438202247191,0.663202247191011,0.5777777777777777,0.4222222222222222,0.7111111111111111,0.5227272727272727,0.3863636363636363,0.6818181818181818
shot020_rep14,20,14,109,20,89,,0.6752525252525252,0.5600946969696969,0.7782891414141414,0.6691365547022289,0.5653123231869571,0.7976200459665918,0.2792163258426967,0.2083247514044943,0.3530859915730337,1.0210602292380258,0.7350163372394212,1.317381879603935,0.6629213483146067,0.5730337078651685,0.7528089887640449,0.6444444444444445,0.5111111111111111,0.7777777777777778,0.6818181818181818,0.5454545454545454,0.8181818181818182
shot020_rep15,20,15,109,20,89,,0.6858585858585858,0.5747222222222222,0.7886553030303031,0.7000659340363775,0.5918663488576534,0.817582986568124,0.2260629213483146,0.1951452247191011,0.2607768820224718,0.6441839760920333,0.5774703341789129,0.7221381645957423,0.651685393258427,0.550561797752809,0.7415730337078652,0.6222222222222222,0.4888888888888889,0.7555555555555555,0.6818181818181818,0.5454545454545454,0.8181818181818182
shot020_rep16,20,16,109,20,89,,0.7348484848484849,0.6262436868686869,0.8303156565656565,0.7837382855767364,0.6974274588676408,0.8614621509134841,0.228282617977528,0.1829885019662921,0.2792498308988764,0.7101131998673001,0.5616494242475365,0.8835673214733789,0.6404494382022472,0.5393258426966292,0.7303370786516854,0.4888888888888889,0.3333333333333333,0.6222222222222222,0.7954545454545454,0.6590909090909091,0.9090909090909092
shot020_rep17,20,17,109,20,89,,0.7133838383838383,0.6027714646464646,0.824760101010101,0.6992663548462527,0.6028897794656842,0.8293533960602063,0.2195404494382022,0.1803231460674157,0.2593487640449438,0.6389455120028481,0.5456866657511317,0.7324292871973024,0.6966292134831461,0.6067415730337079,0.7865168539325843,0.5777777777777777,0.4222222222222222,0.7111111111111111,0.8181818181818182,0.7045454545454546,0.9318181818181818
shot020_rep18,20,18,109,20,89,,0.727020202020202,0.615625,0.8305618686868688,0.7564299596148832,0.6564449439747255,0.8577501928293313,0.2128393258426966,0.1670876685393258,0.2620674438202247,0.6294833427462257,0.5130680556360505,0.7573180137426538,0.6966292134831461,0.5955056179775281,0.797752808988764,0.6888888888888889,0.5555555555555556,0.8222222222222222,0.7045454545454546,0.5681818181818182,0.8409090909090909
shot020_rep19,20,19,109,20,89,,0.7083333333333334,0.6065656565656565,0.8151515151515152,0.6830054618721306,0.5898303122002583,0.8177363445241392,0.2516615168539325,0.1782600196629213,0.3218772030898876,1.031393956183985,0.6860960576189072,1.3794905778441633,0.7078651685393258,0.6179775280898876,0.7980337078651683,0.6666666666666666,0.5333333333333333,0.8,0.75,0.6136363636363636,0.8863636363636364
shot020_rep20,20,20,109,20,89,,0.7295454545454545,0.617638888888889,0.8368813131313131,0.710572481155949,0.6110736328296058,0.8374047624487209,0.2206359550561797,0.1653117415730337,0.2824561797752808,0.6822571351909605,0.5225188862941947,0.858016435340057,0.6853932584269663,0.5955056179775281,0.7752808988764045,0.7555555555555555,0.6222222222222222,0.8672222222222218,0.6136363636363636,0.4772727272727273,0.75
shot040_rep01,40,1,109,40,69,,0.7264705882352941,0.5915756302521008,0.8353151260504201,0.7206277514922235,0.5994712539322345,0.843715132905819,0.2201594202898551,0.1726579710144928,0.2783553985507246,0.6368874840568163,0.5176029790694695,0.7783946101603818,0.6521739130434783,0.5362318840579711,0.7536231884057971,0.5714285714285714,0.4,0.7142857142857143,0.7352941176470589,0.5882352941176471,0.8823529411764706
shot040_rep02,40,2,109,40,69,,0.7924369747899159,0.679390756302521,0.8903676470588234,0.7872558668319313,0.6652020754574904,0.9056235448558548,0.2023724637681159,0.1752365579710144,0.2311077536231884,0.5934325256586233,0.5348651545952976,0.6557743191806614,0.7101449275362319,0.6086956521739131,0.8115942028985508,0.5428571428571428,0.4,0.7142857142857143,0.8823529411764706,0.7647058823529411,0.9705882352941176
shot040_rep03,40,3,109,40,69,,0.707983193277311,0.5743487394957982,0.8163970588235294,0.6930579702445824,0.5762209157288921,0.826338858985921,0.2294971014492753,0.1838804347826087,0.2828176086956521,0.6559826430440002,0.5445685405751705,0.7837172869481327,0.6086956521739131,0.5072463768115942,0.7101449275362319,0.4571428571428571,0.2857142857142857,0.6007142857142851,0.7647058823529411,0.6176470588235294,0.9117647058823528
shot040_rep04,40,4,109,40,69,,0.7260504201680672,0.6020903361344537,0.8382457983193278,0.7474138840896731,0.6444248188648761,0.854939601396174,0.2181159420289855,0.168321884057971,0.2689423550724637,0.6237044356577726,0.5078386049263335,0.7387863096651314,0.6666666666666666,0.5507246376811594,0.7681159420289855,0.6285714285714286,0.4571428571428571,0.7714285714285715,0.7058823529411765,0.5580882352941177,0.8529411764705882
shot040_rep05,40,5,109,40,69,,0.7008403361344537,0.5823319327731092,0.8290231092436975,0.7367904702327018,0.6260044478857879,0.8545065395285482,0.2267652173913043,0.1694025362318841,0.2846323550724638,0.6779938250946317,0.5223520351587959,0.8379410869243697,0.6811594202898551,0.5797101449275363,0.782608695652174,0.6285714285714286,0.4857142857142857,0.7714285714285715,0.7352941176470589,0.5882352941176471,0.8823529411764706
shot040_rep06,40,6,109,40,69,,0.6794117647058824,0.5403361344537815,0.8000210084033613,0.7288059397625736,0.6123859080363346,0.8398485929993144,0.2539101449275362,0.1880497463768116,0.3267392753623188,0.7391475522024484,0.5615598565842904,0.9349039353422904,0.5797101449275363,0.4492753623188406,0.6956521739130435,0.5142857142857142,0.3428571428571428,0.6857142857142857,0.6470588235294118,0.4705882352941176,0.7941176470588235
shot040_rep07,40,7,109,40,69,,0.7302521008403361,0.6054411764705881,0.8495903361344538,0.7529915399109168,0.6434868817847594,0.8761070915402789,0.2170202898550724,0.1751674547101449,0.2607532246376811,0.6300874428977714,0.5320551203483882,0.7372557932051154,0.6666666666666666,0.5507246376811594,0.7681159420289855,0.6857142857142857,0.5421428571428571,0.8285714285714286,0.6470588235294118,0.4705882352941176,0.7941176470588235
shot040_rep08,40,8,109,40,69,,0.3978991596638655,0.2751575630252101,0.5294432773109243,0.4389451556869322,0.3915838481426544,0.5488798665239213,0.294055072463768,0.2620366666666667,0.3261582246376811,0.7913553160385314,0.7210457326973417,0.8623904190592104,0.4492753623188406,0.3333333333333333,0.5652173913043478,0.5142857142857142,0.3428571428571428,0.6578571428571423,0.3823529411764705,0.2352941176470588,0.5294117647058824
shot040_rep09,40,9,109,40,69,,0.6911764705882353,0.569327731092437,0.7987394957983194,0.6745641979113033,0.5705845855048952,0.8091667295412581,0.2296913043478261,0.2056586594202899,0.2545958333333333,0.6504751446909894,0.5990930671605232,0.7026821522009068,0.5942028985507246,0.4782608695652174,0.6956521739130435,0.4571428571428571,0.2857142857142857,0.6285714285714286,0.7352941176470589,0.5882352941176471,0.8823529411764706
shot040_rep10,40,10,109,40,69,,0.7239495798319328,0.6004096638655462,0.8370588235294117,0.7126839851136229,0.5986095147016239,0.8418803769833259,0.2214666666666667,0.2008822463768116,0.2440566666666666,0.6344840756715195,0.5919851792492896,0.6816773434159051,0.6521739130434783,0.5362318840579711,0.7681159420289855,0.7428571428571429,0.6,0.8857142857142857,0.5588235294117647,0.3823529411764705,0.7352941176470589
shot040_rep11,40,11,109,40,69,,0.6743697478991597,0.5419747899159664,0.8013025210084034,0.7202952004703309,0.6081430305263413,0.8340031717427251,0.2462269275362318,0.1807164637681159,0.3121390764492753,0.7220937684369569,0.549362948937571,0.9058716309230036,0.6231884057971014,0.5072463768115942,0.7391304347826086,0.5714285714285714,0.4,0.7428571428571429,0.6764705882352942,0.5,0.8235294117647058
shot040_rep12,40,12,109,40,69,,0.6798319327731093,0.5378151260504201,0.8084348739495798,0.6385367404590682,0.5396971380232166,0.8083040935131718,0.244731884057971,0.1937991304347826,0.3008391304347826,0.717777803801594,0.5847421278032284,0.8730768321887621,0.6521739130434783,0.5507246376811594,0.7536231884057971,0.5142857142857142,0.3428571428571428,0.6857142857142857,0.7941176470588235,0.6470588235294118,0.9117647058823528
shot040_rep13,40,13,109,40,69,,0.7134453781512605,0.5798214285714286,0.8294222689075631,0.7201149486594695,0.604434753589101,0.8367995119082756,0.2279971014492753,0.1683707246376811,0.2924582246376812,0.6749465457138577,0.5168644835427386,0.8470893185876994,0.6666666666666666,0.5507246376811594,0.7681159420289855,0.7142857142857143,0.5428571428571428,0.8571428571428571,0.6176470588235294,0.4411764705882353,0.7647058823529411
shot040_rep14,40,14,109,40,69,,0.7491596638655462,0.635703781512605,0.8647268907563025,0.7520739352165755,0.6416596665101012,0.8717385569854427,0.2037202898550724,0.15671,0.2505061956521739,0.5972355367464425,0.4830324167785026,0.7140147769851691,0.7101449275362319,0.6086956521739131,0.8115942028985508,0.7142857142857143,0.5714285714285714,0.8571428571428571,0.7058823529411765,0.5294117647058824,0.8529411764705882
shot040_rep15,40,15,109,40,69,,0.7176470588235294,0.5869432773109244,0.8319747899159664,0.7234997585387741,0.6049474344473311,0.8573908123438629,0.2197577246376811,0.1685143155797101,0.2770158376811594,0.6307884972975606,0.5072438190963493,0.7661820896233339,0.6376811594202898,0.5072463768115942,0.7536231884057971,0.6,0.4285714285714285,0.743571428571428,0.6764705882352942,0.5,0.8235294117647058
shot040_rep16,40,16,109,40,69,,0.6529411764705882,0.5117542016806722,0.775640756302521,0.6679376368386543,0.5580304890722532,0.7867208677486068,0.2374449275362319,0.1960060144927536,0.287090615942029,0.6730473832858288,0.5741924981905545,0.7941346683030363,0.5942028985507246,0.4782608695652174,0.7101449275362319,0.4857142857142857,0.3142857142857143,0.6571428571428571,0.7058823529411765,0.5294117647058824,0.8529411764705882
shot040_rep17,40,17,109,40,69,,0.7588235294117647,0.6453466386554623,0.8638760504201681,0.7574354964813673,0.6421991563264803,0.8825026109903357,0.2105510869565217,0.1847118297101449,0.2387228804347826,0.6128704049578065,0.5580019832856471,0.674021643028896,0.6956521739130435,0.5938405797101449,0.7971014492753623,0.6857142857142857,0.5428571428571428,0.8285714285714286,0.7058823529411765,0.5588235294117647,0.8529411764705882
shot040_rep18,40,18,109,40,69,,0.7184873949579832,0.5970378151260504,0.8311029411764707,0.7307536992903598,0.6187355649472689,0.8545615032094184,0.2189942028985507,0.1782774275362319,0.2587055434782608,0.6290983476023864,0.5406569583446894,0.7180510445130722,0.6666666666666666,0.5652173913043478,0.7681159420289855,0.4571428571428571,0.2857142857142857,0.6285714285714286,0.8823529411764706,0.7647058823529411,0.9705882352941176
shot040_rep19,40,19,109,40,69,,0.7466386554621849,0.6335399159663865,0.8592542016806722,0.7685960525062265,0.6709331426639968,0.8763231640088159,0.2047042608695652,0.1595872757246377,0.2482740061594203,0.5952760716725018,0.491924862387876,0.694007905588321,0.6811594202898551,0.5652173913043478,0.782608695652174,0.6285714285714286,0.485,0.8,0.7352941176470589,0.5875,0.8823529411764706
shot040_rep20,40,20,109,40,69,,0.807563025210084,0.6894747899159663,0.8987605042016806,0.7987167000779076,0.6873948369179029,0.8942264722159953,0.1841666666666666,0.1518480797101449,0.2248430072463768,0.5480115553883855,0.4749605155759809,0.6381560106966413,0.7391304347826086,0.6231884057971014,0.8264492753623185,0.7142857142857143,0.5428571428571428,0.8571428571428571,0.7647058823529411,0.5882352941176471,0.8823529411764706
shot080_rep01,80,1,109,80,29,,0.5595238095238095,0.3238095238095238,0.7690476190476191,0.678376150955861,0.5169521343818373,0.8315492073948596,0.2718413793103449,0.2026570689655172,0.3480977586206896,0.7600421758526061,0.5968011226034636,0.942867400541709,0.5517241379310345,0.3793103448275862,0.7241379310344828,0.4,0.1333333333333333,0.6666666666666666,0.7142857142857143,0.5,0.9285714285714286
shot080_rep02,80,2,109,80,29,,0.7095238095238096,0.4999404761904762,0.9048809523809522,0.6722002947824982,0.5324735155775951,0.920106819585268,0.2250206896551724,0.1605887931034483,0.2961274137931033,0.6499876877795856,0.4966555433627553,0.8214111008193035,0.7241379310344828,0.5517241379310345,0.896551724137931,0.6666666666666666,0.4,0.8666666666666667,0.7857142857142857,0.5714285714285714,1.0
shot080_rep03,80,3,109,80,29,,0.7380952380952381,0.5189880952380953,0.8929166666666667,0.7781591043974945,0.6199778682437773,0.90585250819442,0.2229344827586207,0.1467531034482758,0.3162410344827586,0.6292466382562083,0.4532479040296071,0.8466521213818505,0.5862068965517241,0.3793103448275862,0.7586206896551724,0.6,0.3333333333333333,0.8666666666666667,0.5714285714285714,0.2857142857142857,0.7857142857142857
shot080_rep04,80,4,109,80,29,,0.7833333333333333,0.5904761904761905,0.9357142857142856,0.7991183085919928,0.6425902093549153,0.9482465443912812,0.196448275862069,0.1348091379310345,0.2664948275862068,0.5766033170340428,0.4368445632374818,0.7333811132103649,0.7241379310344828,0.5517241379310345,0.8620689655172413,0.7333333333333333,0.5333333333333333,0.9333333333333332,0.7142857142857143,0.4285714285714285,0.9285714285714286
shot080_rep05,80,5,109,80,29,,0.5857142857142857,0.3571428571428571,0.8,0.6233864845244156,0.4781313851414271,0.8355152392238224,0.3075344827586206,0.1866737931034482,0.4295650862068966,0.9342153817382292,0.5845917743038677,1.2966606284468236,0.6551724137931034,0.4827586206896552,0.8275862068965517,0.6,0.3333333333333333,0.8666666666666667,0.7142857142857143,0.4285714285714285,0.9285714285714286
shot080_rep06,80,6,109,80,29,,0.8476190476190476,0.6904761904761905,0.9571428571428572,0.8719560793473837,0.7550665445665445,0.9619339402427638,0.1782965517241379,0.1408515517241379,0.220491724137931,0.5387749230858981,0.4570049736571589,0.6280038990222205,0.7586206896551724,0.5862068965517241,0.896551724137931,0.7333333333333333,0.4666666666666667,0.9333333333333332,0.7857142857142857,0.5714285714285714,1.0
shot080_rep07,80,7,109,80,29,,0.6666666666666666,0.4476190476190476,0.861904761904762,0.6840886719060093,0.5336507557576523,0.8862230197431347,0.2445373793103448,0.1821144413793103,0.318711174137931,0.6905679719306346,0.5483573513325929,0.8574222563031002,0.6206896551724138,0.4482758620689655,0.7586206896551724,0.4666666666666667,0.2,0.7333333333333333,0.7857142857142857,0.5714285714285714,1.0
shot080_rep08,80,8,109,80,29,,0.6738095238095239,0.4641666666666666,0.8572619047619046,0.7390592351118668,0.5794438776604932,0.8810958324083324,0.2691689655172414,0.1671704310344827,0.3757505172413793,0.7513296539353874,0.4943931001932294,1.0118041004203333,0.5862068965517241,0.4137931034482758,0.7586206896551724,0.6,0.3333333333333333,0.8666666666666667,0.5714285714285714,0.2857142857142857,0.8571428571428571
shot080_rep09,80,9,109,80,29,,0.6666666666666666,0.4713690476190476,0.8572023809523809,0.7245800297705924,0.5836955835840216,0.8859293146987113,0.2442275862068965,0.162265,0.3311058620689656,0.7131467529897023,0.509662308947662,0.944361780136048,0.6551724137931034,0.4827586206896552,0.8275862068965517,0.6,0.3333333333333333,0.8,0.7142857142857143,0.5,0.9285714285714286
shot080_rep10,80,10,109,80,29,,0.7476190476190476,0.5380952380952381,0.9095238095238096,0.7765703351229667,0.6146456113331112,0.9261462411110076,0.2138448275862069,0.1447843965517241,0.2946297413793103,0.6195874751514819,0.462540995293194,0.8047840524853794,0.6896551724137931,0.5172413793103449,0.8620689655172413,0.6,0.3333333333333333,0.8,0.7857142857142857,0.5696428571428572,1.0
shot080_rep11,80,11,109,80,29,,0.7666666666666667,0.5616666666666666,0.923809523809524,0.804178394368957,0.650913638086052,0.9447557887722804,0.1916551724137931,0.1263630172413793,0.2686588793103447,0.5681415728656115,0.4184187247183736,0.7497843636258605,0.6896551724137931,0.5172413793103449,0.8620689655172413,0.6,0.3333333333333333,0.8666666666666667,0.7857142857142857,0.5714285714285714,1.0
shot080_rep12,80,12,109,80,29,,0.7928571428571428,0.5952380952380952,0.9595833333333332,0.8483197049863717,0.715150986586513,0.9627843567251462,0.1819310344827586,0.1112744827586206,0.2587546551724138,0.5433197541182413,0.3798025075822143,0.720514746337824,0.7586206896551724,0.6206896551724138,0.896551724137931,0.6666666666666666,0.4,0.8666666666666667,0.8571428571428571,0.6428571428571429,1.0
shot080_rep13,80,13,109,80,29,,0.7214285714285714,0.5095238095238095,0.8904761904761904,0.7480033975686149,0.5915162432173301,0.906335194532563,0.2194413793103448,0.1516014655172413,0.2895741379310345,0.6215407923782081,0.4678874140199122,0.7810974997387947,0.6896551724137931,0.5172413793103449,0.8275862068965517,0.7333333333333333,0.4666666666666667,0.9333333333333332,0.6428571428571429,0.3571428571428571,0.9285714285714286
shot080_rep14,80,14,109,80,29,,0.7976190476190477,0.6142857142857143,0.9428571428571428,0.8389704931084241,0.6923194120358367,0.9525729458450046,0.191,0.1401310344827586,0.2519219827586206,0.5695712014133916,0.4491013675674464,0.7106756288312147,0.7241379310344828,0.5517241379310345,0.8620689655172413,0.7333333333333333,0.4666666666666667,0.9333333333333332,0.7142857142857143,0.4285714285714285,0.9285714285714286
shot080_rep15,80,15,109,80,29,,0.6880952380952381,0.4713690476190476,0.8714285714285714,0.7320836979863349,0.5595757624352959,0.8969118607474338,0.2756103448275863,0.1903137068965517,0.3664148275862069,0.8230241248612808,0.580515023343318,1.097460094977,0.6551724137931034,0.5172413793103449,0.7931034482758621,0.4,0.2,0.6666666666666666,0.9285714285714286,0.7857142857142857,1.0
shot080_rep16,80,16,109,80,29,,0.7,0.4904761904761904,0.8857142857142857,0.7831159951159951,0.6346105156920373,0.918637566137566,0.2267317586206896,0.1571539594827586,0.3004640301724138,0.6533255987991711,0.4899042002386696,0.8278594193090133,0.6551724137931034,0.4827586206896552,0.8275862068965517,0.5333333333333333,0.2666666666666666,0.8,0.7857142857142857,0.5714285714285714,1.0
shot080_rep17,80,17,109,80,29,,0.8285714285714286,0.6713095238095238,0.9571428571428572,0.8735811900517783,0.7606299691593809,0.9650499267711544,0.1729068275862069,0.123934825,0.2225752887931034,0.5115739180348967,0.4017458473550172,0.6228738247365663,0.7586206896551724,0.5862068965517241,0.896551724137931,0.7333333333333333,0.5333333333333333,0.9333333333333332,0.7857142857142857,0.5714285714285714,1.0
shot080_rep18,80,18,109,80,29,,0.8142857142857143,0.6404761904761904,0.9523809523809524,0.8092040487692661,0.6620859788359788,0.9659305555555556,0.1902931034482758,0.1390433620689655,0.2420812068965517,0.5641944332560087,0.4520554007103174,0.6791550446914677,0.7586206896551724,0.5862068965517241,0.896551724137931,0.8,0.5333333333333333,1.0,0.7142857142857143,0.4285714285714285,0.9285714285714286
shot080_rep19,80,19,109,80,29,,0.7142857142857143,0.4904761904761904,0.8952380952380953,0.6970695045695046,0.5412513030949511,0.9117257221336168,0.2143310344827586,0.147131551724138,0.2952610344827586,0.6210852517520647,0.4681191895251641,0.8023240920430132,0.6896551724137931,0.5163793103448276,0.8275862068965517,0.7333333333333333,0.4666666666666667,0.9333333333333332,0.6428571428571429,0.3571428571428571,0.8571428571428571
shot080_rep20,80,20,109,80,29,,0.638095238095238,0.4047619047619047,0.8357142857142857,0.6699397035712824,0.5076571767376519,0.8500481990776108,0.2433758620689655,0.1725268103448276,0.316315775862069,0.6794601648531402,0.5217382855145486,0.8438668954423418,0.6206896551724138,0.4482758620689655,0.7931034482758621,0.6666666666666666,0.4,0.8666666666666667,0.5714285714285714,0.355357142857143,0.7857142857142857
shot109_rep01,109,1,109,109,0,all development patients were labeled demonstrations,,,,,,,,,,,,,,,,,,,,,
