model,repeat,fold,inner_best_AUC,best_params_json,selected_features,selected_effective_df
RidgeLogistic,1,1,0.753512396694215,"{""model__C"": 0.01}",tumorsizeb|log1p_ast|log1p_tbil|bmi,4
RidgeLogistic,1,2,0.7402892561983471,"{""model__C"": 0.3}",tumorsizeb|log1p_ast|bmi|log1p_tbil,4
RidgeLogistic,1,3,0.7745867768595042,"{""model__C"": 0.1}",tumorsizeb|log1p_ast|log1p_siib|log1p_tbil,4
RidgeLogistic,1,4,0.7316115702479339,"{""model__C"": 0.03}",tumorsizeb|log1p_ast|log1p_tbil|bmi,4
RidgeLogistic,1,5,0.7045454545454546,"{""model__C"": 0.01}",log1p_ast|tumorsizeb|bmi|log1p_tbil,4
RidgeLogistic,2,1,0.7425619834710744,"{""model__C"": 0.3}",tumorsizeb|log1p_tbil|log1p_ast|log1p_siib,4
RidgeLogistic,2,2,0.7913223140495869,"{""model__C"": 0.01}",log1p_ast|tumorsizeb|log1p_tbil|bmi,4
RidgeLogistic,2,3,0.7227272727272728,"{""model__C"": 0.01}",tumorsizeb|log1p_ast|log1p_tbil|bmi,4
RidgeLogistic,2,4,0.7297520661157025,"{""model__C"": 0.01}",tumorsizeb|log1p_ast|log1p_tbil|alb,4
RidgeLogistic,2,5,0.7644628099173554,"{""model__C"": 0.01}",log1p_ast|tumorsizeb|bmi|log1p_tbil,4
RidgeLogistic,3,1,0.762809917355372,"{""model__C"": 0.01}",log1p_ast|bmi|log1p_tbil|tumorsizeb,4
RidgeLogistic,3,2,0.7473140495867769,"{""model__C"": 0.03}",tumorsizeb|log1p_tbil|log1p_ast|log1p_pt,4
RidgeLogistic,3,3,0.775,"{""model__C"": 0.03}",tumorsizeb|bmi|alb|log1p_tbil,4
RidgeLogistic,3,4,0.6898760330578512,"{""model__C"": 0.01}",log1p_ast|tumorsizeb|log1p_tbil|bmi,4
RidgeLogistic,3,5,0.7210743801652892,"{""model__C"": 0.03}",log1p_ast|tumorsizeb|log1p_tbil|bmi,4
RidgeLogistic,4,1,0.7547520661157024,"{""model__C"": 0.1}",log1p_ast|tumorsizeb|bmi|log1p_tbil,4
RidgeLogistic,4,2,0.7745867768595042,"{""model__C"": 0.01}",log1p_ast|tumorsizeb|log1p_tbil|bmi,4
RidgeLogistic,4,3,0.7768595041322315,"{""model__C"": 0.01}",tumorsizeb|log1p_tbil|log1p_ast|bmi,4
RidgeLogistic,4,4,0.7559917355371901,"{""model__C"": 0.1}",tumorsizeb|log1p_ast|bmi|log1p_wbcb,4
RidgeLogistic,4,5,0.7086776859504131,"{""model__C"": 0.3}",log1p_tbil|tumorsizeb|alb|log1p_ast,4
RidgeLogistic,5,1,0.7892561983471075,"{""model__C"": 0.01}",log1p_ast|tumorsizeb|log1p_tbil|bmi,4
RidgeLogistic,5,2,0.775,"{""model__C"": 0.01}",log1p_ast|tumorsizeb|log1p_tbil|bmi,4
RidgeLogistic,5,3,0.731198347107438,"{""model__C"": 0.01}",log1p_ast|tumorsizeb|log1p_tbil|bmi,4
RidgeLogistic,5,4,0.6871900826446281,"{""model__C"": 0.01}",log1p_tbil|tumorsizeb|bmi|alb,4
RidgeLogistic,5,5,0.7396694214876033,"{""model__C"": 0.01}",tumorsizeb|log1p_ast|bmi|log1p_tbil,4
ElasticNetLogistic,1,1,0.7545454545454545,"{""model__C"": 0.3, ""model__l1_ratio"": 0.25}",tumorsizeb|log1p_ast|log1p_tbil|bmi,4
ElasticNetLogistic,1,2,0.7650826446280992,"{""model__C"": 0.3, ""model__l1_ratio"": 0.25}",tumorsizeb|log1p_ast|bmi|log1p_tbil,4
ElasticNetLogistic,1,3,0.7995867768595042,"{""model__C"": 3.0, ""model__l1_ratio"": 0.75}",tumorsizeb|log1p_ast|log1p_siib|log1p_tbil,4
ElasticNetLogistic,1,4,0.7493801652892562,"{""model__C"": 0.3, ""model__l1_ratio"": 0.25}",tumorsizeb|log1p_ast|log1p_tbil|bmi,4
ElasticNetLogistic,1,5,0.7169421487603306,"{""model__C"": 1.0, ""model__l1_ratio"": 0.75}",log1p_ast|tumorsizeb|bmi|log1p_tbil,4
ElasticNetLogistic,2,1,0.7030991735537191,"{""model__C"": 3.0, ""model__l1_ratio"": 0.25}",tumorsizeb|log1p_tbil|log1p_ast|log1p_siib,4
ElasticNetLogistic,2,2,0.7973140495867769,"{""model__C"": 3.0, ""model__l1_ratio"": 0.25}",log1p_ast|tumorsizeb|log1p_tbil|bmi,4
ElasticNetLogistic,2,3,0.7262396694214877,"{""model__C"": 3.0, ""model__l1_ratio"": 0.5}",tumorsizeb|log1p_ast|log1p_tbil|bmi,4
ElasticNetLogistic,2,4,0.7059917355371901,"{""model__C"": 0.1, ""model__l1_ratio"": 0.5}",tumorsizeb|log1p_ast|log1p_tbil|alb,4
ElasticNetLogistic,2,5,0.7541322314049586,"{""model__C"": 0.3, ""model__l1_ratio"": 0.25}",log1p_ast|tumorsizeb|bmi|log1p_tbil,4
ElasticNetLogistic,3,1,0.7671487603305784,"{""model__C"": 0.1, ""model__l1_ratio"": 0.25}",log1p_ast|bmi|log1p_tbil|tumorsizeb,4
ElasticNetLogistic,3,2,0.731198347107438,"{""model__C"": 0.1, ""model__l1_ratio"": 1.0}",tumorsizeb|log1p_tbil|log1p_ast|log1p_pt,4
ElasticNetLogistic,3,3,0.7700413223140496,"{""model__C"": 0.3, ""model__l1_ratio"": 0.25}",tumorsizeb|bmi|alb|log1p_tbil,4
ElasticNetLogistic,3,4,0.7072314049586776,"{""model__C"": 0.3, ""model__l1_ratio"": 0.5}",log1p_ast|tumorsizeb|log1p_tbil|bmi,4
ElasticNetLogistic,3,5,0.7148760330578513,"{""model__C"": 0.3, ""model__l1_ratio"": 0.25}",log1p_ast|tumorsizeb|log1p_tbil|bmi,4
ElasticNetLogistic,4,1,0.7537190082644629,"{""model__C"": 1.0, ""model__l1_ratio"": 0.25}",log1p_ast|tumorsizeb|bmi|log1p_tbil,4
ElasticNetLogistic,4,2,0.7549586776859505,"{""model__C"": 0.1, ""model__l1_ratio"": 0.25}",log1p_ast|tumorsizeb|log1p_tbil|bmi,4
ElasticNetLogistic,4,3,0.787396694214876,"{""model__C"": 0.3, ""model__l1_ratio"": 0.25}",tumorsizeb|log1p_tbil|log1p_ast|bmi,4
ElasticNetLogistic,4,4,0.7702479338842975,"{""model__C"": 0.3, ""model__l1_ratio"": 0.25}",tumorsizeb|log1p_ast|bmi|log1p_wbcb,4
ElasticNetLogistic,4,5,0.6900826446280992,"{""model__C"": 0.1, ""model__l1_ratio"": 0.25}",log1p_tbil|tumorsizeb|alb|log1p_ast,4
ElasticNetLogistic,5,1,0.784504132231405,"{""model__C"": 0.1, ""model__l1_ratio"": 0.25}",log1p_ast|tumorsizeb|log1p_tbil|bmi,4
ElasticNetLogistic,5,2,0.7737603305785125,"{""model__C"": 0.1, ""model__l1_ratio"": 0.25}",log1p_ast|tumorsizeb|log1p_tbil|bmi,4
ElasticNetLogistic,5,3,0.7423553719008265,"{""model__C"": 0.1, ""model__l1_ratio"": 0.25}",log1p_ast|tumorsizeb|log1p_tbil|bmi,4
ElasticNetLogistic,5,4,0.693801652892562,"{""model__C"": 0.3, ""model__l1_ratio"": 0.5}",log1p_tbil|tumorsizeb|bmi|alb,4
ElasticNetLogistic,5,5,0.7520661157024793,"{""model__C"": 0.1, ""model__l1_ratio"": 0.25}",tumorsizeb|log1p_ast|bmi|log1p_tbil,4
SVM_RBF,1,1,0.7700413223140496,"{""model__C"": 0.3, ""model__gamma"": 0.1}",tumorsizeb|log1p_ast|log1p_tbil|bmi,4
SVM_RBF,1,2,0.7801652892561983,"{""model__C"": 0.1, ""model__gamma"": ""scale""}",tumorsizeb|log1p_ast|bmi|log1p_tbil,4
SVM_RBF,1,3,0.8270661157024792,"{""model__C"": 0.3, ""model__gamma"": ""scale""}",tumorsizeb|log1p_ast|log1p_siib|log1p_tbil,4
SVM_RBF,1,4,0.7452479338842974,"{""model__C"": 0.3, ""model__gamma"": 0.1}",tumorsizeb|log1p_ast|log1p_tbil|bmi,4
SVM_RBF,1,5,0.7582644628099174,"{""model__C"": 0.1, ""model__gamma"": 0.1}",log1p_ast|tumorsizeb|bmi|log1p_tbil,4
SVM_RBF,2,1,0.7506198347107438,"{""model__C"": 3.0, ""model__gamma"": 0.03}",tumorsizeb|log1p_tbil|log1p_ast|log1p_siib,4
SVM_RBF,2,2,0.8252066115702479,"{""model__C"": 0.1, ""model__gamma"": ""scale""}",log1p_ast|tumorsizeb|log1p_tbil|bmi,4
SVM_RBF,2,3,0.7785123966942149,"{""model__C"": 0.1, ""model__gamma"": 0.3}",tumorsizeb|log1p_ast|log1p_tbil|bmi,4
SVM_RBF,2,4,0.7946280991735537,"{""model__C"": 0.3, ""model__gamma"": 0.3}",tumorsizeb|log1p_ast|log1p_tbil|alb,4
SVM_RBF,2,5,0.8057851239669421,"{""model__C"": 0.3, ""model__gamma"": 0.1}",log1p_ast|tumorsizeb|bmi|log1p_tbil,4
SVM_RBF,3,1,0.7991735537190083,"{""model__C"": 0.3, ""model__gamma"": 0.03}",log1p_ast|bmi|log1p_tbil|tumorsizeb,4
SVM_RBF,3,2,0.8181818181818181,"{""model__C"": 0.1, ""model__gamma"": ""scale""}",tumorsizeb|log1p_tbil|log1p_ast|log1p_pt,4
SVM_RBF,3,3,0.812603305785124,"{""model__C"": 0.3, ""model__gamma"": 0.1}",tumorsizeb|bmi|alb|log1p_tbil,4
SVM_RBF,3,4,0.7101239669421489,"{""model__C"": 0.1, ""model__gamma"": 0.3}",log1p_ast|tumorsizeb|log1p_tbil|bmi,4
SVM_RBF,3,5,0.7272727272727273,"{""model__C"": 0.1, ""model__gamma"": ""scale""}",log1p_ast|tumorsizeb|log1p_tbil|bmi,4
SVM_RBF,4,1,0.7423553719008265,"{""model__C"": 0.1, ""model__gamma"": 0.03}",log1p_ast|tumorsizeb|bmi|log1p_tbil,4
SVM_RBF,4,2,0.7950413223140496,"{""model__C"": 1.0, ""model__gamma"": 0.1}",log1p_ast|tumorsizeb|log1p_tbil|bmi,4
SVM_RBF,4,3,0.821900826446281,"{""model__C"": 0.1, ""model__gamma"": 0.1}",tumorsizeb|log1p_tbil|log1p_ast|bmi,4
SVM_RBF,4,4,0.762603305785124,"{""model__C"": 0.1, ""model__gamma"": 0.3}",tumorsizeb|log1p_ast|bmi|log1p_wbcb,4
SVM_RBF,4,5,0.7747933884297521,"{""model__C"": 1.0, ""model__gamma"": 0.3}",log1p_tbil|tumorsizeb|alb|log1p_ast,4
SVM_RBF,5,1,0.7977272727272726,"{""model__C"": 0.1, ""model__gamma"": 0.03}",log1p_ast|tumorsizeb|log1p_tbil|bmi,4
SVM_RBF,5,2,0.765495867768595,"{""model__C"": 0.1, ""model__gamma"": 0.03}",log1p_ast|tumorsizeb|log1p_tbil|bmi,4
SVM_RBF,5,3,0.8068181818181817,"{""model__C"": 0.3, ""model__gamma"": ""scale""}",log1p_ast|tumorsizeb|log1p_tbil|bmi,4
SVM_RBF,5,4,0.7621900826446281,"{""model__C"": 0.3, ""model__gamma"": ""scale""}",log1p_tbil|tumorsizeb|bmi|alb,4
SVM_RBF,5,5,0.78099173553719,"{""model__C"": 0.1, ""model__gamma"": 0.1}",tumorsizeb|log1p_ast|bmi|log1p_tbil,4
RandomForest,1,1,0.76900826446281,"{""model__max_depth"": 2, ""model__max_features"": ""sqrt"", ""model__min_samples_leaf"": 8}",tumorsizeb|log1p_ast|log1p_tbil|bmi,4
RandomForest,1,2,0.7582644628099173,"{""model__max_depth"": 2, ""model__max_features"": ""sqrt"", ""model__min_samples_leaf"": 8}",tumorsizeb|log1p_ast|bmi|log1p_tbil,4
RandomForest,1,3,0.7838842975206612,"{""model__max_depth"": 4, ""model__max_features"": ""sqrt"", ""model__min_samples_leaf"": 4}",tumorsizeb|log1p_ast|log1p_siib|log1p_tbil,4
RandomForest,1,4,0.681611570247934,"{""model__max_depth"": 2, ""model__max_features"": ""sqrt"", ""model__min_samples_leaf"": 4}",tumorsizeb|log1p_ast|log1p_tbil|bmi,4
RandomForest,1,5,0.7272727272727272,"{""model__max_depth"": null, ""model__max_features"": ""sqrt"", ""model__min_samples_leaf"": 4}",log1p_ast|tumorsizeb|bmi|log1p_tbil,4
RandomForest,2,1,0.7361570247933884,"{""model__max_depth"": 2, ""model__max_features"": ""sqrt"", ""model__min_samples_leaf"": 8}",tumorsizeb|log1p_tbil|log1p_ast|log1p_siib,4
RandomForest,2,2,0.7580578512396694,"{""model__max_depth"": 4, ""model__max_features"": ""sqrt"", ""model__min_samples_leaf"": 8}",log1p_ast|tumorsizeb|log1p_tbil|bmi,4
RandomForest,2,3,0.6882231404958677,"{""model__max_depth"": 4, ""model__max_features"": ""sqrt"", ""model__min_samples_leaf"": 8}",tumorsizeb|log1p_ast|log1p_tbil|bmi,4
RandomForest,2,4,0.7489669421487604,"{""model__max_depth"": null, ""model__max_features"": ""sqrt"", ""model__min_samples_leaf"": 4}",tumorsizeb|log1p_ast|log1p_tbil|alb,4
RandomForest,2,5,0.774793388429752,"{""model__max_depth"": 4, ""model__max_features"": ""sqrt"", ""model__min_samples_leaf"": 8}",log1p_ast|tumorsizeb|bmi|log1p_tbil,4
RandomForest,3,1,0.7851239669421488,"{""model__max_depth"": 2, ""model__max_features"": ""sqrt"", ""model__min_samples_leaf"": 8}",log1p_ast|bmi|log1p_tbil|tumorsizeb,4
RandomForest,3,2,0.7826446280991736,"{""model__max_depth"": null, ""model__max_features"": ""sqrt"", ""model__min_samples_leaf"": 4}",tumorsizeb|log1p_tbil|log1p_ast|log1p_pt,4
RandomForest,3,3,0.7921487603305785,"{""model__max_depth"": null, ""model__max_features"": ""sqrt"", ""model__min_samples_leaf"": 4}",tumorsizeb|bmi|alb|log1p_tbil,4
RandomForest,3,4,0.7497933884297521,"{""model__max_depth"": 2, ""model__max_features"": ""sqrt"", ""model__min_samples_leaf"": 8}",log1p_ast|tumorsizeb|log1p_tbil|bmi,4
RandomForest,3,5,0.7190082644628099,"{""model__max_depth"": 4, ""model__max_features"": 1.0, ""model__min_samples_leaf"": 4}",log1p_ast|tumorsizeb|log1p_tbil|bmi,4
RandomForest,4,1,0.759297520661157,"{""model__max_depth"": 4, ""model__max_features"": ""sqrt"", ""model__min_samples_leaf"": 8}",log1p_ast|tumorsizeb|bmi|log1p_tbil,4
RandomForest,4,2,0.7516528925619835,"{""model__max_depth"": 2, ""model__max_features"": 1.0, ""model__min_samples_leaf"": 4}",log1p_ast|tumorsizeb|log1p_tbil|bmi,4
RandomForest,4,3,0.7745867768595042,"{""model__max_depth"": 2, ""model__max_features"": ""sqrt"", ""model__min_samples_leaf"": 4}",tumorsizeb|log1p_tbil|log1p_ast|bmi,4
RandomForest,4,4,0.7464876033057852,"{""model__max_depth"": 4, ""model__max_features"": ""sqrt"", ""model__min_samples_leaf"": 8}",tumorsizeb|log1p_ast|bmi|log1p_wbcb,4
RandomForest,4,5,0.7747933884297521,"{""model__max_depth"": null, ""model__max_features"": 1.0, ""model__min_samples_leaf"": 4}",log1p_tbil|tumorsizeb|alb|log1p_ast,4
RandomForest,5,1,0.8314049586776859,"{""model__max_depth"": 2, ""model__max_features"": ""sqrt"", ""model__min_samples_leaf"": 8}",log1p_ast|tumorsizeb|log1p_tbil|bmi,4
RandomForest,5,2,0.7526859504132232,"{""model__max_depth"": 2, ""model__max_features"": ""sqrt"", ""model__min_samples_leaf"": 4}",log1p_ast|tumorsizeb|log1p_tbil|bmi,4
RandomForest,5,3,0.7673553719008265,"{""model__max_depth"": null, ""model__max_features"": 1.0, ""model__min_samples_leaf"": 4}",log1p_ast|tumorsizeb|log1p_tbil|bmi,4
RandomForest,5,4,0.7293388429752065,"{""model__max_depth"": 2, ""model__max_features"": ""sqrt"", ""model__min_samples_leaf"": 4}",log1p_tbil|tumorsizeb|bmi|alb,4
RandomForest,5,5,0.7169421487603306,"{""model__max_depth"": 2, ""model__max_features"": ""sqrt"", ""model__min_samples_leaf"": 8}",tumorsizeb|log1p_ast|bmi|log1p_tbil,4
ExtraTrees,1,1,0.7793388429752066,"{""model__max_depth"": 2, ""model__max_features"": ""sqrt"", ""model__min_samples_leaf"": 8}",tumorsizeb|log1p_ast|log1p_tbil|bmi,4
ExtraTrees,1,2,0.7667355371900827,"{""model__max_depth"": 4, ""model__max_features"": ""sqrt"", ""model__min_samples_leaf"": 8}",tumorsizeb|log1p_ast|bmi|log1p_tbil,4
ExtraTrees,1,3,0.7725206611570248,"{""model__max_depth"": null, ""model__max_features"": ""sqrt"", ""model__min_samples_leaf"": 8}",tumorsizeb|log1p_ast|log1p_siib|log1p_tbil,4
ExtraTrees,1,4,0.743595041322314,"{""model__max_depth"": 4, ""model__max_features"": ""sqrt"", ""model__min_samples_leaf"": 4}",tumorsizeb|log1p_ast|log1p_tbil|bmi,4
ExtraTrees,1,5,0.7024793388429752,"{""model__max_depth"": 2, ""model__max_features"": ""sqrt"", ""model__min_samples_leaf"": 4}",log1p_ast|tumorsizeb|bmi|log1p_tbil,4
ExtraTrees,2,1,0.690495867768595,"{""model__max_depth"": 4, ""model__max_features"": ""sqrt"", ""model__min_samples_leaf"": 8}",tumorsizeb|log1p_tbil|log1p_ast|log1p_siib,4
ExtraTrees,2,2,0.8225206611570248,"{""model__max_depth"": null, ""model__max_features"": ""sqrt"", ""model__min_samples_leaf"": 4}",log1p_ast|tumorsizeb|log1p_tbil|bmi,4
ExtraTrees,2,3,0.6954545454545454,"{""model__max_depth"": 4, ""model__max_features"": ""sqrt"", ""model__min_samples_leaf"": 8}",tumorsizeb|log1p_ast|log1p_tbil|bmi,4
ExtraTrees,2,4,0.7539256198347107,"{""model__max_depth"": null, ""model__max_features"": ""sqrt"", ""model__min_samples_leaf"": 4}",tumorsizeb|log1p_ast|log1p_tbil|alb,4
ExtraTrees,2,5,0.7830578512396694,"{""model__max_depth"": 4, ""model__max_features"": ""sqrt"", ""model__min_samples_leaf"": 8}",log1p_ast|tumorsizeb|bmi|log1p_tbil,4
ExtraTrees,3,1,0.7681818181818182,"{""model__max_depth"": null, ""model__max_features"": ""sqrt"", ""model__min_samples_leaf"": 8}",log1p_ast|bmi|log1p_tbil|tumorsizeb,4
ExtraTrees,3,2,0.8041322314049586,"{""model__max_depth"": null, ""model__max_features"": ""sqrt"", ""model__min_samples_leaf"": 4}",tumorsizeb|log1p_tbil|log1p_ast|log1p_pt,4
ExtraTrees,3,3,0.7805785123966942,"{""model__max_depth"": 4, ""model__max_features"": ""sqrt"", ""model__min_samples_leaf"": 4}",tumorsizeb|bmi|alb|log1p_tbil,4
ExtraTrees,3,4,0.7551652892561984,"{""model__max_depth"": 4, ""model__max_features"": ""sqrt"", ""model__min_samples_leaf"": 4}",log1p_ast|tumorsizeb|log1p_tbil|bmi,4
ExtraTrees,3,5,0.7355371900826446,"{""model__max_depth"": 4, ""model__max_features"": ""sqrt"", ""model__min_samples_leaf"": 8}",log1p_ast|tumorsizeb|log1p_tbil|bmi,4
ExtraTrees,4,1,0.75,"{""model__max_depth"": 2, ""model__max_features"": ""sqrt"", ""model__min_samples_leaf"": 8}",log1p_ast|tumorsizeb|bmi|log1p_tbil,4
ExtraTrees,4,2,0.7805785123966942,"{""model__max_depth"": null, ""model__max_features"": 1.0, ""model__min_samples_leaf"": 4}",log1p_ast|tumorsizeb|log1p_tbil|bmi,4
ExtraTrees,4,3,0.7733471074380165,"{""model__max_depth"": 4, ""model__max_features"": ""sqrt"", ""model__min_samples_leaf"": 4}",tumorsizeb|log1p_tbil|log1p_ast|bmi,4
ExtraTrees,4,4,0.756404958677686,"{""model__max_depth"": 2, ""model__max_features"": ""sqrt"", ""model__min_samples_leaf"": 4}",tumorsizeb|log1p_ast|bmi|log1p_wbcb,4
ExtraTrees,4,5,0.7252066115702479,"{""model__max_depth"": null, ""model__max_features"": ""sqrt"", ""model__min_samples_leaf"": 4}",log1p_tbil|tumorsizeb|alb|log1p_ast,4
ExtraTrees,5,1,0.8010330578512397,"{""model__max_depth"": 2, ""model__max_features"": ""sqrt"", ""model__min_samples_leaf"": 4}",log1p_ast|tumorsizeb|log1p_tbil|bmi,4
ExtraTrees,5,2,0.7270661157024793,"{""model__max_depth"": 4, ""model__max_features"": ""sqrt"", ""model__min_samples_leaf"": 8}",log1p_ast|tumorsizeb|log1p_tbil|bmi,4
ExtraTrees,5,3,0.7721074380165289,"{""model__max_depth"": null, ""model__max_features"": 1.0, ""model__min_samples_leaf"": 8}",log1p_ast|tumorsizeb|log1p_tbil|bmi,4
ExtraTrees,5,4,0.7128099173553718,"{""model__max_depth"": null, ""model__max_features"": 1.0, ""model__min_samples_leaf"": 4}",log1p_tbil|tumorsizeb|bmi|alb,4
ExtraTrees,5,5,0.756198347107438,"{""model__max_depth"": 4, ""model__max_features"": ""sqrt"", ""model__min_samples_leaf"": 8}",tumorsizeb|log1p_ast|bmi|log1p_tbil,4
HistGradientBoosting,1,1,0.7611570247933883,"{""model__l2_regularization"": 3.0, ""model__learning_rate"": 0.08, ""model__max_leaf_nodes"": 3, ""model__min_samples_leaf"": 15}",tumorsizeb|log1p_ast|log1p_tbil|bmi,4
HistGradientBoosting,1,2,0.8049586776859504,"{""model__l2_regularization"": 0.0, ""model__learning_rate"": 0.08, ""model__max_leaf_nodes"": 3, ""model__min_samples_leaf"": 8}",tumorsizeb|log1p_ast|bmi|log1p_tbil,4
HistGradientBoosting,1,3,0.7411157024793389,"{""model__l2_regularization"": 0.0, ""model__learning_rate"": 0.03, ""model__max_leaf_nodes"": 7, ""model__min_samples_leaf"": 8}",tumorsizeb|log1p_ast|log1p_siib|log1p_tbil,4
HistGradientBoosting,1,4,0.7228305785123967,"{""model__l2_regularization"": 0.0, ""model__learning_rate"": 0.03, ""model__max_leaf_nodes"": 3, ""model__min_samples_leaf"": 8}",tumorsizeb|log1p_ast|log1p_tbil|bmi,4
HistGradientBoosting,1,5,0.7644628099173554,"{""model__l2_regularization"": 0.0, ""model__learning_rate"": 0.08, ""model__max_leaf_nodes"": 7, ""model__min_samples_leaf"": 15}",log1p_ast|tumorsizeb|bmi|log1p_tbil,4
HistGradientBoosting,2,1,0.7526859504132231,"{""model__l2_regularization"": 0.0, ""model__learning_rate"": 0.03, ""model__max_leaf_nodes"": 3, ""model__min_samples_leaf"": 15}",tumorsizeb|log1p_tbil|log1p_ast|log1p_siib,4
HistGradientBoosting,2,2,0.8043388429752065,"{""model__l2_regularization"": 3.0, ""model__learning_rate"": 0.08, ""model__max_leaf_nodes"": 3, ""model__min_samples_leaf"": 8}",log1p_ast|tumorsizeb|log1p_tbil|bmi,4
HistGradientBoosting,2,3,0.7086776859504131,"{""model__l2_regularization"": 0.0, ""model__learning_rate"": 0.08, ""model__max_leaf_nodes"": 3, ""model__min_samples_leaf"": 8}",tumorsizeb|log1p_ast|log1p_tbil|bmi,4
HistGradientBoosting,2,4,0.7068181818181818,"{""model__l2_regularization"": 0.0, ""model__learning_rate"": 0.03, ""model__max_leaf_nodes"": 7, ""model__min_samples_leaf"": 8}",tumorsizeb|log1p_ast|log1p_tbil|alb,4
HistGradientBoosting,2,5,0.7892561983471075,"{""model__l2_regularization"": 0.0, ""model__learning_rate"": 0.08, ""model__max_leaf_nodes"": 3, ""model__min_samples_leaf"": 15}",log1p_ast|tumorsizeb|bmi|log1p_tbil,4
HistGradientBoosting,3,1,0.7239669421487603,"{""model__l2_regularization"": 3.0, ""model__learning_rate"": 0.03, ""model__max_leaf_nodes"": 3, ""model__min_samples_leaf"": 15}",log1p_ast|bmi|log1p_tbil|tumorsizeb,4
HistGradientBoosting,3,2,0.7761363636363636,"{""model__l2_regularization"": 3.0, ""model__learning_rate"": 0.08, ""model__max_leaf_nodes"": 3, ""model__min_samples_leaf"": 8}",tumorsizeb|log1p_tbil|log1p_ast|log1p_pt,4
HistGradientBoosting,3,3,0.7950413223140496,"{""model__l2_regularization"": 0.0, ""model__learning_rate"": 0.08, ""model__max_leaf_nodes"": 3, ""model__min_samples_leaf"": 8}",tumorsizeb|bmi|alb|log1p_tbil,4
HistGradientBoosting,3,4,0.7351239669421488,"{""model__l2_regularization"": 0.0, ""model__learning_rate"": 0.08, ""model__max_leaf_nodes"": 7, ""model__min_samples_leaf"": 15}",log1p_ast|tumorsizeb|log1p_tbil|bmi,4
HistGradientBoosting,3,5,0.7283057851239669,"{""model__l2_regularization"": 3.0, ""model__learning_rate"": 0.08, ""model__max_leaf_nodes"": 7, ""model__min_samples_leaf"": 15}",log1p_ast|tumorsizeb|log1p_tbil|bmi,4
HistGradientBoosting,4,1,0.7619834710743802,"{""model__l2_regularization"": 0.0, ""model__learning_rate"": 0.08, ""model__max_leaf_nodes"": 7, ""model__min_samples_leaf"": 15}",log1p_ast|tumorsizeb|bmi|log1p_tbil,4
HistGradientBoosting,4,2,0.7996900826446282,"{""model__l2_regularization"": 3.0, ""model__learning_rate"": 0.03, ""model__max_leaf_nodes"": 3, ""model__min_samples_leaf"": 8}",log1p_ast|tumorsizeb|log1p_tbil|bmi,4
HistGradientBoosting,4,3,0.7910123966942149,"{""model__l2_regularization"": 3.0, ""model__learning_rate"": 0.08, ""model__max_leaf_nodes"": 3, ""model__min_samples_leaf"": 8}",tumorsizeb|log1p_tbil|log1p_ast|bmi,4
HistGradientBoosting,4,4,0.765599173553719,"{""model__l2_regularization"": 0.0, ""model__learning_rate"": 0.08, ""model__max_leaf_nodes"": 7, ""model__min_samples_leaf"": 15}",tumorsizeb|log1p_ast|bmi|log1p_wbcb,4
HistGradientBoosting,4,5,0.7758264462809917,"{""model__l2_regularization"": 3.0, ""model__learning_rate"": 0.08, ""model__max_leaf_nodes"": 3, ""model__min_samples_leaf"": 8}",log1p_tbil|tumorsizeb|alb|log1p_ast,4
HistGradientBoosting,5,1,0.7171487603305785,"{""model__l2_regularization"": 0.0, ""model__learning_rate"": 0.03, ""model__max_leaf_nodes"": 3, ""model__min_samples_leaf"": 8}",log1p_ast|tumorsizeb|log1p_tbil|bmi,4
HistGradientBoosting,5,2,0.6973140495867769,"{""model__l2_regularization"": 0.0, ""model__learning_rate"": 0.08, ""model__max_leaf_nodes"": 7, ""model__min_samples_leaf"": 8}",log1p_ast|tumorsizeb|log1p_tbil|bmi,4
HistGradientBoosting,5,3,0.706198347107438,"{""model__l2_regularization"": 0.0, ""model__learning_rate"": 0.08, ""model__max_leaf_nodes"": 3, ""model__min_samples_leaf"": 8}",log1p_ast|tumorsizeb|log1p_tbil|bmi,4
HistGradientBoosting,5,4,0.7925619834710743,"{""model__l2_regularization"": 0.0, ""model__learning_rate"": 0.08, ""model__max_leaf_nodes"": 7, ""model__min_samples_leaf"": 8}",log1p_tbil|tumorsizeb|bmi|alb,4
HistGradientBoosting,5,5,0.7159090909090909,"{""model__l2_regularization"": 3.0, ""model__learning_rate"": 0.08, ""model__max_leaf_nodes"": 3, ""model__min_samples_leaf"": 8}",tumorsizeb|log1p_ast|bmi|log1p_tbil,4
XGBoost,1,1,0.7770661157024794,"{""model__colsample_bytree"": 0.8, ""model__learning_rate"": 0.03, ""model__max_depth"": 2, ""model__min_child_weight"": 3, ""model__n_estimators"": 300, ""model__reg_lambda"": 10.0, ""model__subsample"": 0.8}",tumorsizeb|log1p_ast|log1p_tbil|bmi,4
XGBoost,1,2,0.7462809917355371,"{""model__colsample_bytree"": 0.8, ""model__learning_rate"": 0.08, ""model__max_depth"": 2, ""model__min_child_weight"": 3, ""model__n_estimators"": 150, ""model__reg_lambda"": 10.0, ""model__subsample"": 0.8}",tumorsizeb|log1p_ast|bmi|log1p_tbil,4
XGBoost,1,3,0.7900826446280992,"{""model__colsample_bytree"": 0.8, ""model__learning_rate"": 0.08, ""model__max_depth"": 2, ""model__min_child_weight"": 3, ""model__n_estimators"": 150, ""model__reg_lambda"": 10.0, ""model__subsample"": 0.8}",tumorsizeb|log1p_ast|log1p_siib|log1p_tbil,4
XGBoost,1,4,0.7238636363636364,"{""model__colsample_bytree"": 0.8, ""model__learning_rate"": 0.03, ""model__max_depth"": 2, ""model__min_child_weight"": 3, ""model__n_estimators"": 300, ""model__reg_lambda"": 10.0, ""model__subsample"": 0.8}",tumorsizeb|log1p_ast|log1p_tbil|bmi,4
XGBoost,1,5,0.7179752066115702,"{""model__colsample_bytree"": 0.8, ""model__learning_rate"": 0.08, ""model__max_depth"": 2, ""model__min_child_weight"": 3, ""model__n_estimators"": 300, ""model__reg_lambda"": 10.0, ""model__subsample"": 0.8}",log1p_ast|tumorsizeb|bmi|log1p_tbil,4
XGBoost,2,1,0.7064049586776859,"{""model__colsample_bytree"": 0.8, ""model__learning_rate"": 0.03, ""model__max_depth"": 2, ""model__min_child_weight"": 3, ""model__n_estimators"": 150, ""model__reg_lambda"": 10.0, ""model__subsample"": 0.8}",tumorsizeb|log1p_tbil|log1p_ast|log1p_siib,4
XGBoost,2,2,0.7807851239669422,"{""model__colsample_bytree"": 0.8, ""model__learning_rate"": 0.08, ""model__max_depth"": 3, ""model__min_child_weight"": 3, ""model__n_estimators"": 150, ""model__reg_lambda"": 10.0, ""model__subsample"": 0.8}",log1p_ast|tumorsizeb|log1p_tbil|bmi,4
XGBoost,2,3,0.6857438016528925,"{""model__colsample_bytree"": 0.8, ""model__learning_rate"": 0.03, ""model__max_depth"": 2, ""model__min_child_weight"": 3, ""model__n_estimators"": 150, ""model__reg_lambda"": 10.0, ""model__subsample"": 0.8}",tumorsizeb|log1p_ast|log1p_tbil|bmi,4
XGBoost,2,4,0.6690082644628099,"{""model__colsample_bytree"": 0.8, ""model__learning_rate"": 0.08, ""model__max_depth"": 2, ""model__min_child_weight"": 3, ""model__n_estimators"": 150, ""model__reg_lambda"": 10.0, ""model__subsample"": 0.8}",tumorsizeb|log1p_ast|log1p_tbil|alb,4
XGBoost,2,5,0.7778925619834711,"{""model__colsample_bytree"": 0.8, ""model__learning_rate"": 0.03, ""model__max_depth"": 2, ""model__min_child_weight"": 3, ""model__n_estimators"": 300, ""model__reg_lambda"": 10.0, ""model__subsample"": 0.8}",log1p_ast|tumorsizeb|bmi|log1p_tbil,4
XGBoost,3,1,0.7737603305785125,"{""model__colsample_bytree"": 0.8, ""model__learning_rate"": 0.03, ""model__max_depth"": 2, ""model__min_child_weight"": 3, ""model__n_estimators"": 300, ""model__reg_lambda"": 10.0, ""model__subsample"": 0.8}",log1p_ast|bmi|log1p_tbil|tumorsizeb,4
XGBoost,3,2,0.6700413223140496,"{""model__colsample_bytree"": 0.8, ""model__learning_rate"": 0.03, ""model__max_depth"": 2, ""model__min_child_weight"": 3, ""model__n_estimators"": 150, ""model__reg_lambda"": 10.0, ""model__subsample"": 0.8}",tumorsizeb|log1p_tbil|log1p_ast|log1p_pt,4
XGBoost,3,3,0.7450413223140495,"{""model__colsample_bytree"": 0.8, ""model__learning_rate"": 0.08, ""model__max_depth"": 2, ""model__min_child_weight"": 3, ""model__n_estimators"": 300, ""model__reg_lambda"": 10.0, ""model__subsample"": 0.8}",tumorsizeb|bmi|alb|log1p_tbil,4
XGBoost,3,4,0.7169421487603306,"{""model__colsample_bytree"": 0.8, ""model__learning_rate"": 0.03, ""model__max_depth"": 2, ""model__min_child_weight"": 3, ""model__n_estimators"": 300, ""model__reg_lambda"": 10.0, ""model__subsample"": 0.8}",log1p_ast|tumorsizeb|log1p_tbil|bmi,4
XGBoost,3,5,0.731404958677686,"{""model__colsample_bytree"": 0.8, ""model__learning_rate"": 0.03, ""model__max_depth"": 2, ""model__min_child_weight"": 3, ""model__n_estimators"": 150, ""model__reg_lambda"": 10.0, ""model__subsample"": 0.8}",log1p_ast|tumorsizeb|log1p_tbil|bmi,4
XGBoost,4,1,0.734090909090909,"{""model__colsample_bytree"": 0.8, ""model__learning_rate"": 0.03, ""model__max_depth"": 2, ""model__min_child_weight"": 3, ""model__n_estimators"": 150, ""model__reg_lambda"": 10.0, ""model__subsample"": 0.8}",log1p_ast|tumorsizeb|bmi|log1p_tbil,4
XGBoost,4,2,0.7942148760330578,"{""model__colsample_bytree"": 0.8, ""model__learning_rate"": 0.03, ""model__max_depth"": 2, ""model__min_child_weight"": 3, ""model__n_estimators"": 300, ""model__reg_lambda"": 10.0, ""model__subsample"": 0.8}",log1p_ast|tumorsizeb|log1p_tbil|bmi,4
XGBoost,4,3,0.7427685950413223,"{""model__colsample_bytree"": 0.8, ""model__learning_rate"": 0.08, ""model__max_depth"": 2, ""model__min_child_weight"": 3, ""model__n_estimators"": 150, ""model__reg_lambda"": 10.0, ""model__subsample"": 0.8}",tumorsizeb|log1p_tbil|log1p_ast|bmi,4
XGBoost,4,4,0.7607438016528925,"{""model__colsample_bytree"": 0.8, ""model__learning_rate"": 0.08, ""model__max_depth"": 2, ""model__min_child_weight"": 3, ""model__n_estimators"": 300, ""model__reg_lambda"": 10.0, ""model__subsample"": 0.8}",tumorsizeb|log1p_ast|bmi|log1p_wbcb,4
XGBoost,4,5,0.7035123966942148,"{""model__colsample_bytree"": 0.8, ""model__learning_rate"": 0.08, ""model__max_depth"": 2, ""model__min_child_weight"": 3, ""model__n_estimators"": 150, ""model__reg_lambda"": 10.0, ""model__subsample"": 0.8}",log1p_tbil|tumorsizeb|alb|log1p_ast,4
XGBoost,5,1,0.7363636363636363,"{""model__colsample_bytree"": 0.8, ""model__learning_rate"": 0.03, ""model__max_depth"": 2, ""model__min_child_weight"": 3, ""model__n_estimators"": 150, ""model__reg_lambda"": 10.0, ""model__subsample"": 0.8}",log1p_ast|tumorsizeb|log1p_tbil|bmi,4
XGBoost,5,2,0.7338842975206612,"{""model__colsample_bytree"": 0.8, ""model__learning_rate"": 0.03, ""model__max_depth"": 2, ""model__min_child_weight"": 3, ""model__n_estimators"": 300, ""model__reg_lambda"": 10.0, ""model__subsample"": 0.8}",log1p_ast|tumorsizeb|log1p_tbil|bmi,4
XGBoost,5,3,0.7330578512396694,"{""model__colsample_bytree"": 0.8, ""model__learning_rate"": 0.08, ""model__max_depth"": 2, ""model__min_child_weight"": 3, ""model__n_estimators"": 300, ""model__reg_lambda"": 10.0, ""model__subsample"": 0.8}",log1p_ast|tumorsizeb|log1p_tbil|bmi,4
XGBoost,5,4,0.6573347107438017,"{""model__colsample_bytree"": 0.8, ""model__learning_rate"": 0.08, ""model__max_depth"": 2, ""model__min_child_weight"": 3, ""model__n_estimators"": 300, ""model__reg_lambda"": 10.0, ""model__subsample"": 0.8}",log1p_tbil|tumorsizeb|bmi|alb,4
XGBoost,5,5,0.7066115702479339,"{""model__colsample_bytree"": 0.8, ""model__learning_rate"": 0.03, ""model__max_depth"": 3, ""model__min_child_weight"": 3, ""model__n_estimators"": 150, ""model__reg_lambda"": 10.0, ""model__subsample"": 0.8}",tumorsizeb|log1p_ast|bmi|log1p_tbil,4
LightGBM,1,1,0.7256198347107439,"{""model__learning_rate"": 0.08, ""model__max_depth"": 3, ""model__min_child_samples"": 15, ""model__n_estimators"": 150, ""model__num_leaves"": 7, ""model__reg_lambda"": 3.0}",tumorsizeb|log1p_ast|log1p_tbil|bmi,4
LightGBM,1,2,0.8014462809917355,"{""model__learning_rate"": 0.08, ""model__max_depth"": 3, ""model__min_child_samples"": 15, ""model__n_estimators"": 150, ""model__num_leaves"": 3, ""model__reg_lambda"": 3.0}",tumorsizeb|log1p_ast|bmi|log1p_tbil,4
LightGBM,1,3,0.7832644628099174,"{""model__learning_rate"": 0.08, ""model__max_depth"": 3, ""model__min_child_samples"": 8, ""model__n_estimators"": 300, ""model__num_leaves"": 3, ""model__reg_lambda"": 3.0}",tumorsizeb|log1p_ast|log1p_siib|log1p_tbil,4
LightGBM,1,4,0.7016528925619835,"{""model__learning_rate"": 0.03, ""model__max_depth"": 3, ""model__min_child_samples"": 15, ""model__n_estimators"": 150, ""model__num_leaves"": 7, ""model__reg_lambda"": 3.0}",tumorsizeb|log1p_ast|log1p_tbil|bmi,4
LightGBM,1,5,0.7923553719008264,"{""model__learning_rate"": 0.08, ""model__max_depth"": 3, ""model__min_child_samples"": 8, ""model__n_estimators"": 150, ""model__num_leaves"": 3, ""model__reg_lambda"": 3.0}",log1p_ast|tumorsizeb|bmi|log1p_tbil,4
LightGBM,2,1,0.7376033057851239,"{""model__learning_rate"": 0.03, ""model__max_depth"": 3, ""model__min_child_samples"": 8, ""model__n_estimators"": 150, ""model__num_leaves"": 7, ""model__reg_lambda"": 3.0}",tumorsizeb|log1p_tbil|log1p_ast|log1p_siib,4
LightGBM,2,2,0.8106404958677687,"{""model__learning_rate"": 0.03, ""model__max_depth"": 3, ""model__min_child_samples"": 15, ""model__n_estimators"": 300, ""model__num_leaves"": 3, ""model__reg_lambda"": 3.0}",log1p_ast|tumorsizeb|log1p_tbil|bmi,4
LightGBM,2,3,0.7310950413223141,"{""model__learning_rate"": 0.08, ""model__max_depth"": 3, ""model__min_child_samples"": 15, ""model__n_estimators"": 150, ""model__num_leaves"": 3, ""model__reg_lambda"": 3.0}",tumorsizeb|log1p_ast|log1p_tbil|bmi,4
LightGBM,2,4,0.7553719008264462,"{""model__learning_rate"": 0.08, ""model__max_depth"": 3, ""model__min_child_samples"": 8, ""model__n_estimators"": 150, ""model__num_leaves"": 3, ""model__reg_lambda"": 3.0}",tumorsizeb|log1p_ast|log1p_tbil|alb,4
LightGBM,2,5,0.7355371900826446,"{""model__learning_rate"": 0.08, ""model__max_depth"": 3, ""model__min_child_samples"": 15, ""model__n_estimators"": 300, ""model__num_leaves"": 7, ""model__reg_lambda"": 3.0}",log1p_ast|tumorsizeb|bmi|log1p_tbil,4
LightGBM,3,1,0.8026859504132232,"{""model__learning_rate"": 0.03, ""model__max_depth"": 3, ""model__min_child_samples"": 15, ""model__n_estimators"": 150, ""model__num_leaves"": 3, ""model__reg_lambda"": 3.0}",log1p_ast|bmi|log1p_tbil|tumorsizeb,4
LightGBM,3,2,0.7862603305785124,"{""model__learning_rate"": 0.03, ""model__max_depth"": 3, ""model__min_child_samples"": 8, ""model__n_estimators"": 300, ""model__num_leaves"": 7, ""model__reg_lambda"": 3.0}",tumorsizeb|log1p_tbil|log1p_ast|log1p_pt,4
LightGBM,3,3,0.7263429752066116,"{""model__learning_rate"": 0.08, ""model__max_depth"": 3, ""model__min_child_samples"": 8, ""model__n_estimators"": 150, ""model__num_leaves"": 7, ""model__reg_lambda"": 3.0}",tumorsizeb|bmi|alb|log1p_tbil,4
LightGBM,3,4,0.7582644628099173,"{""model__learning_rate"": 0.08, ""model__max_depth"": 3, ""model__min_child_samples"": 8, ""model__n_estimators"": 300, ""model__num_leaves"": 3, ""model__reg_lambda"": 3.0}",log1p_ast|tumorsizeb|log1p_tbil|bmi,4
LightGBM,3,5,0.7613636363636364,"{""model__learning_rate"": 0.03, ""model__max_depth"": 3, ""model__min_child_samples"": 15, ""model__n_estimators"": 150, ""model__num_leaves"": 7, ""model__reg_lambda"": 3.0}",log1p_ast|tumorsizeb|log1p_tbil|bmi,4
LightGBM,4,1,0.8013429752066116,"{""model__learning_rate"": 0.08, ""model__max_depth"": 3, ""model__min_child_samples"": 15, ""model__n_estimators"": 150, ""model__num_leaves"": 7, ""model__reg_lambda"": 3.0}",log1p_ast|tumorsizeb|bmi|log1p_tbil,4
LightGBM,4,2,0.7501033057851241,"{""model__learning_rate"": 0.03, ""model__max_depth"": 3, ""model__min_child_samples"": 15, ""model__n_estimators"": 150, ""model__num_leaves"": 3, ""model__reg_lambda"": 3.0}",log1p_ast|tumorsizeb|log1p_tbil|bmi,4
LightGBM,4,3,0.7665289256198347,"{""model__learning_rate"": 0.08, ""model__max_depth"": 3, ""model__min_child_samples"": 8, ""model__n_estimators"": 300, ""model__num_leaves"": 3, ""model__reg_lambda"": 3.0}",tumorsizeb|log1p_tbil|log1p_ast|bmi,4
LightGBM,4,4,0.7726239669421487,"{""model__learning_rate"": 0.03, ""model__max_depth"": 3, ""model__min_child_samples"": 15, ""model__n_estimators"": 300, ""model__num_leaves"": 3, ""model__reg_lambda"": 3.0}",tumorsizeb|log1p_ast|bmi|log1p_wbcb,4
LightGBM,4,5,0.7293388429752066,"{""model__learning_rate"": 0.03, ""model__max_depth"": 3, ""model__min_child_samples"": 8, ""model__n_estimators"": 300, ""model__num_leaves"": 3, ""model__reg_lambda"": 3.0}",log1p_tbil|tumorsizeb|alb|log1p_ast,4
LightGBM,5,1,0.7772727272727273,"{""model__learning_rate"": 0.08, ""model__max_depth"": 3, ""model__min_child_samples"": 8, ""model__n_estimators"": 150, ""model__num_leaves"": 3, ""model__reg_lambda"": 3.0}",log1p_ast|tumorsizeb|log1p_tbil|bmi,4
LightGBM,5,2,0.7727272727272727,"{""model__learning_rate"": 0.08, ""model__max_depth"": 3, ""model__min_child_samples"": 8, ""model__n_estimators"": 300, ""model__num_leaves"": 3, ""model__reg_lambda"": 3.0}",log1p_ast|tumorsizeb|log1p_tbil|bmi,4
LightGBM,5,3,0.7233471074380166,"{""model__learning_rate"": 0.08, ""model__max_depth"": 3, ""model__min_child_samples"": 15, ""model__n_estimators"": 300, ""model__num_leaves"": 3, ""model__reg_lambda"": 3.0}",log1p_ast|tumorsizeb|log1p_tbil|bmi,4
LightGBM,5,4,0.7772727272727273,"{""model__learning_rate"": 0.08, ""model__max_depth"": 3, ""model__min_child_samples"": 8, ""model__n_estimators"": 150, ""model__num_leaves"": 3, ""model__reg_lambda"": 3.0}",log1p_tbil|tumorsizeb|bmi|alb,4
LightGBM,5,5,0.7045454545454545,"{""model__learning_rate"": 0.03, ""model__max_depth"": 3, ""model__min_child_samples"": 8, ""model__n_estimators"": 300, ""model__num_leaves"": 3, ""model__reg_lambda"": 3.0}",tumorsizeb|log1p_ast|bmi|log1p_tbil,4
CatBoost,1,1,0.718801652892562,"{""model__depth"": 3, ""model__iterations"": 400, ""model__l2_leaf_reg"": 5.0, ""model__learning_rate"": 0.03}",tumorsizeb|log1p_ast|log1p_tbil|bmi,4
CatBoost,1,2,0.7690082644628099,"{""model__depth"": 3, ""model__iterations"": 200, ""model__l2_leaf_reg"": 5.0, ""model__learning_rate"": 0.03}",tumorsizeb|log1p_ast|bmi|log1p_tbil,4
CatBoost,1,3,0.7884297520661157,"{""model__depth"": 3, ""model__iterations"": 200, ""model__l2_leaf_reg"": 5.0, ""model__learning_rate"": 0.03}",tumorsizeb|log1p_ast|log1p_siib|log1p_tbil,4
CatBoost,1,4,0.6944214876033058,"{""model__depth"": 2, ""model__iterations"": 200, ""model__l2_leaf_reg"": 5.0, ""model__learning_rate"": 0.08}",tumorsizeb|log1p_ast|log1p_tbil|bmi,4
CatBoost,1,5,0.7396694214876033,"{""model__depth"": 3, ""model__iterations"": 200, ""model__l2_leaf_reg"": 5.0, ""model__learning_rate"": 0.03}",log1p_ast|tumorsizeb|bmi|log1p_tbil,4
CatBoost,2,1,0.6915289256198347,"{""model__depth"": 3, ""model__iterations"": 200, ""model__l2_leaf_reg"": 5.0, ""model__learning_rate"": 0.03}",tumorsizeb|log1p_tbil|log1p_ast|log1p_siib,4
CatBoost,2,2,0.815289256198347,"{""model__depth"": 2, ""model__iterations"": 200, ""model__l2_leaf_reg"": 5.0, ""model__learning_rate"": 0.03}",log1p_ast|tumorsizeb|log1p_tbil|bmi,4
CatBoost,2,3,0.6452479338842976,"{""model__depth"": 3, ""model__iterations"": 200, ""model__l2_leaf_reg"": 5.0, ""model__learning_rate"": 0.03}",tumorsizeb|log1p_ast|log1p_tbil|bmi,4
CatBoost,2,4,0.7043388429752067,"{""model__depth"": 3, ""model__iterations"": 200, ""model__l2_leaf_reg"": 5.0, ""model__learning_rate"": 0.03}",tumorsizeb|log1p_ast|log1p_tbil|alb,4
CatBoost,2,5,0.7541322314049587,"{""model__depth"": 2, ""model__iterations"": 200, ""model__l2_leaf_reg"": 5.0, ""model__learning_rate"": 0.03}",log1p_ast|tumorsizeb|bmi|log1p_tbil,4
CatBoost,3,1,0.7927685950413224,"{""model__depth"": 3, ""model__iterations"": 200, ""model__l2_leaf_reg"": 5.0, ""model__learning_rate"": 0.08}",log1p_ast|bmi|log1p_tbil|tumorsizeb,4
CatBoost,3,2,0.7650826446280992,"{""model__depth"": 2, ""model__iterations"": 400, ""model__l2_leaf_reg"": 5.0, ""model__learning_rate"": 0.03}",tumorsizeb|log1p_tbil|log1p_ast|log1p_pt,4
CatBoost,3,3,0.8361570247933885,"{""model__depth"": 3, ""model__iterations"": 200, ""model__l2_leaf_reg"": 5.0, ""model__learning_rate"": 0.03}",tumorsizeb|bmi|alb|log1p_tbil,4
CatBoost,3,4,0.6752066115702479,"{""model__depth"": 3, ""model__iterations"": 200, ""model__l2_leaf_reg"": 5.0, ""model__learning_rate"": 0.03}",log1p_ast|tumorsizeb|log1p_tbil|bmi,4
CatBoost,3,5,0.6570247933884298,"{""model__depth"": 2, ""model__iterations"": 200, ""model__l2_leaf_reg"": 5.0, ""model__learning_rate"": 0.03}",log1p_ast|tumorsizeb|log1p_tbil|bmi,4
CatBoost,4,1,0.7206611570247934,"{""model__depth"": 2, ""model__iterations"": 200, ""model__l2_leaf_reg"": 5.0, ""model__learning_rate"": 0.03}",log1p_ast|tumorsizeb|bmi|log1p_tbil,4
CatBoost,4,2,0.7801652892561983,"{""model__depth"": 2, ""model__iterations"": 200, ""model__l2_leaf_reg"": 5.0, ""model__learning_rate"": 0.03}",log1p_ast|tumorsizeb|log1p_tbil|bmi,4
CatBoost,4,3,0.7770661157024794,"{""model__depth"": 2, ""model__iterations"": 400, ""model__l2_leaf_reg"": 5.0, ""model__learning_rate"": 0.03}",tumorsizeb|log1p_tbil|log1p_ast|bmi,4
CatBoost,4,4,0.7076446280991735,"{""model__depth"": 2, ""model__iterations"": 200, ""model__l2_leaf_reg"": 5.0, ""model__learning_rate"": 0.03}",tumorsizeb|log1p_ast|bmi|log1p_wbcb,4
CatBoost,4,5,0.7252066115702479,"{""model__depth"": 3, ""model__iterations"": 200, ""model__l2_leaf_reg"": 5.0, ""model__learning_rate"": 0.08}",log1p_tbil|tumorsizeb|alb|log1p_ast,4
CatBoost,5,1,0.8299586776859504,"{""model__depth"": 3, ""model__iterations"": 400, ""model__l2_leaf_reg"": 5.0, ""model__learning_rate"": 0.03}",log1p_ast|tumorsizeb|log1p_tbil|bmi,4
CatBoost,5,2,0.6679752066115702,"{""model__depth"": 2, ""model__iterations"": 200, ""model__l2_leaf_reg"": 5.0, ""model__learning_rate"": 0.08}",log1p_ast|tumorsizeb|log1p_tbil|bmi,4
CatBoost,5,3,0.7427685950413223,"{""model__depth"": 3, ""model__iterations"": 200, ""model__l2_leaf_reg"": 5.0, ""model__learning_rate"": 0.03}",log1p_ast|tumorsizeb|log1p_tbil|bmi,4
CatBoost,5,4,0.8004132231404959,"{""model__depth"": 2, ""model__iterations"": 400, ""model__l2_leaf_reg"": 5.0, ""model__learning_rate"": 0.08}",log1p_tbil|tumorsizeb|bmi|alb,4
CatBoost,5,5,0.7334710743801653,"{""model__depth"": 2, ""model__iterations"": 400, ""model__l2_leaf_reg"": 5.0, ""model__learning_rate"": 0.03}",tumorsizeb|log1p_ast|bmi|log1p_tbil,4
