Table S1 | Baseline distribution and modelling disposition of prespecified candidate features,,,,,,,,,,,,
"Feature distributions are shown on the original clinical scale where available. Model transformations, missingness, centre imbalance and RF-RFE stability are reported separately.",,,,,,,,,,,,
Feature,Source → model representation,Timing,Type,Overall (n=166),Development (n=109),External validation (n=57),"Missing, development","Missing, external",SMD or max |SMD|,RF-RFE frequency,Final model,Modelling disposition
"Age, years",age,baseline,numeric,58.0 (50.0–65.0),57.0 (47.0–64.0),61.0 (56.0–68.0),0/109 (0.0%),0/57 (0.0%),0.68,0,No,Prespecified candidate; not stability-selected
Sex,gender,baseline,categorical,Male: 140/166 (84.3%); Female: 26/166 (15.7%),Male: 94/109 (86.2%); Female: 15/109 (13.8%),Male: 46/57 (80.7%); Female: 11/57 (19.3%),0/109 (0.0%),0/57 (0.0%),0.15,0,No,Prespecified candidate; not stability-selected
"Body mass index, kg/m²",bmi,baseline,numeric,23.5 (21.6–25.5),23.7 (21.4–25.8),23.2 (21.8–24.8),2/109 (1.8%),0/57 (0.0%),-0.28,0.8,Yes,Locked final-model predictor
BCLC stage,bclc,baseline,categorical,Stage 0: 5/166 (3.0%); Stage A: 115/166 (69.3%); Stage B: 8/166 (4.8%); Stage C: 38/166 (22.9%),Stage 0: 3/109 (2.8%); Stage A: 69/109 (63.3%); Stage B: 3/109 (2.8%); Stage C: 34/109 (31.2%),Stage 0: 2/57 (3.5%); Stage A: 46/57 (80.7%); Stage B: 5/57 (8.8%); Stage C: 4/57 (7.0%),0/109 (0.0%),0/57 (0.0%),0.65,0,No,Prespecified candidate; not stability-selected
CNLC stage,cnlc → cnlc_major,baseline,categorical,Stage I: 102/166 (61.4%); Stage II: 26/166 (15.7%); Stage III: 38/166 (22.9%),Stage I: 53/109 (48.6%); Stage II: 22/109 (20.2%); Stage III: 34/109 (31.2%),Stage I: 49/57 (86.0%); Stage II: 4/57 (7.0%); Stage III: 4/57 (7.0%),0/109 (0.0%),0/57 (0.0%),0.87,0,No,Removed by prespecified redundancy rule; bclc retained
Child-Pugh score,child_score,baseline,numeric,5.0 (5.0–5.0),5.0 (5.0–5.0),5.0 (5.0–6.0),19/109 (17.4%),0/57 (0.0%),0.64,0,No,Prespecified candidate; not stability-selected
ECOG performance status,ecog,baseline,numeric,0.0 (0.0–0.0),0.0 (0.0–0.0),1.0 (0.0–1.0),12/109 (11.0%),39/57 (68.4%),1.59,0,No,Excluded by full-development QC: insufficient_usable_variation_or_missingness
"Baseline maximum tumour size, mm",tumorsizeb,baseline,numeric,67.5 (42.0–94.8),72.0 (45.0–103.0),49.0 (33.0–81.0),0/109 (0.0%),0/57 (0.0%),-0.48,1,Yes,Locked final-model predictor
Baseline tumor number,tumornum → tumornum_count,baseline,numeric,1.0 (1.0–2.0),1.0 (1.0–2.0),1.0 (1.0–1.0),0/109 (0.0%),0/57 (0.0%),-0.32,0,No,Prespecified candidate; not stability-selected
Portal-vein tumor thrombus present,pvtt → pvtt_any,baseline,categorical,Absent: 99/150 (66.0%); Present: 51/150 (34.0%),Absent: 45/93 (48.4%); Present: 48/93 (51.6%),Absent: 54/57 (94.7%); Present: 3/57 (5.3%),16/109 (14.7%),0/57 (0.0%),1.2,0,No,Removed by prespecified redundancy rule; vtt_any retained
Any vascular tumor thrombus present,vtt → vtt_any,baseline,categorical,Absent: 100/150 (66.7%); Present: 50/150 (33.3%),Absent: 46/93 (49.5%); Present: 47/93 (50.5%),Absent: 54/57 (94.7%); Present: 3/57 (5.3%),16/109 (14.7%),0/57 (0.0%),1.17,0,No,Prespecified candidate; not stability-selected
"AST, U/L (log transformed for modelling)",ast → log1p_ast,baseline,numeric,38.0 (26.8–57.9),33.7 (26.8–55.2),40.0 (28.0–71.0),10/109 (9.2%),0/57 (0.0%),0.21,0.92,Yes,Locked final-model predictor
"ALT, U/L (log transformed for modelling)",alt → log1p_alt,baseline,numeric,32.4 (24.0–52.0),32.0 (23.9–47.2),34.0 (24.0–55.0),10/109 (9.2%),0/57 (0.0%),0.1,0,No,Prespecified candidate; not stability-selected
"Total bilirubin, μmol/L (log transformed for modelling)",tbil → log1p_tbil,baseline,numeric,14.8 (11.3–21.9),14.6 (11.7–20.9),15.5 (10.6–22.6),10/109 (9.2%),0/57 (0.0%),0.12,0.96,Yes,Locked final-model predictor
"Albumin, g/L",alb,baseline,numeric,42.3 (40.1–44.5),41.9 (40.1–44.0),43.3 (40.2–45.7),10/109 (9.2%),0/57 (0.0%),0.18,0.16,No,Prespecified candidate; not stability-selected
"Baseline WBC, ×10⁹/L (log transformed for modelling)",wbcb → log1p_wbcb,baseline,numeric,5.91 (4.84–7.08),5.83 (4.80–7.03),6.00 (4.91–7.15),10/109 (9.2%),0/57 (0.0%),0.23,0.04,No,Prespecified candidate; not stability-selected
"Prothrombin time, s (log transformed for modelling)",pt → log1p_pt,baseline,numeric,11.8 (11.2–12.6),11.8 (11.1–12.7),11.9 (11.4–12.6),11/109 (10.1%),0/57 (0.0%),0.19,0.04,No,Prespecified candidate; not stability-selected
"Baseline AFP, ng/mL (log transformed for modelling)",afpb → log1p_afpb,baseline,numeric,79.0 (4.9–1138.0),252.0 (10.4–3164.0),6.9 (3.4–168.0),10/109 (9.2%),0/57 (0.0%),-0.32,0,No,Prespecified candidate; not stability-selected
"Baseline NLR, log transformed",nlrb → log1p_nlrb,baseline,numeric,2.27 (1.67–3.47),2.19 (1.67–2.94),2.64 (1.66–5.37),10/109 (9.2%),0/57 (0.0%),0.54,0,No,Prespecified candidate; not stability-selected
"Baseline SII, ×10⁹/L (log transformed for modelling)",siib → log1p_siib,baseline,numeric,646.7 (393.8–1017.4),689.0 (517.2–1022.9),448.0 (220.2–912.5),10/109 (9.2%),1/57 (1.8%),-0.14,0.08,No,Prespecified candidate; not stability-selected
"CRP, mg/L (log transformed for modelling)",crp → log1p_crp,baseline,numeric,0.9 (0.2–4.9),0.3 (0.1–0.8),6.4 (2.7–14.0),33/109 (30.3%),8/57 (14.0%),0.91,0,No,Prespecified candidate; not stability-selected
TACE cycles accrued before surgery/prediction,tacecycles,preoperative,numeric,1.0 (1.0–2.0),2.0 (1.0–2.0),1.0 (1.0–1.0),47/109 (43.1%),8/57 (14.0%),-0.54,0,No,Excluded by full-development QC: insufficient_usable_variation_or_missingness
Any targeted therapy before surgery/prediction,targeted → targeted_any,preoperative,categorical,No: 21/165 (12.7%); Yes: 144/165 (87.3%),No: 21/109 (19.3%); Yes: 88/109 (80.7%),Yes: 56/56 (100.0%),0/109 (0.0%),1/57 (1.8%),0.69,0,No,Prespecified candidate; not stability-selected
Any immunotherapy before surgery/prediction,imm → immunotherapy_any,preoperative,categorical,No: 48/166 (28.9%); Yes: 118/166 (71.1%),No: 48/109 (44.0%); Yes: 61/109 (56.0%),Yes: 57/57 (100.0%),0/109 (0.0%),0/57 (0.0%),1.25,0,No,Prespecified candidate; not stability-selected
"Baseline PIVKA-II/DCP, log transformed",pivka_b → log1p_pivka_b,baseline,numeric,Not available,Not available,Not available,NE,NE,,0,No,Unavailable in the analysed dataset
Preoperative mRECIST response,mrecist_response,preoperative,categorical,Not available,Not available,Not available,NE,NE,,0,No,Unavailable in the analysed dataset
Radiological complete response before surgery,rcr → rcr_any,preoperative,categorical,Not available,Not available,Not available,NE,NE,,0,No,Unavailable in the analysed dataset
Clinical complete response before surgery,ccr → ccr_any,preoperative,categorical,Not available,Not available,Not available,NE,NE,,0,No,Unavailable in the analysed dataset
"Notes: Continuous features are median (interquartile range); categorical features list n/N (%) by level. For continuous features, SMD is external minus development. For multilevel categorical features, the maximum absolute level-specific SMD is shown. Missingness and distributions were calculated before imputation. Numeric missing values were imputed by the median and categorical missing values by a dedicated missing category within the model preprocessing pipeline. RF-RFE frequency is based on 25 outer folds; the stability threshold was 60%. NE, not estimable or unavailable.",,,,,,,,,,,,
